_id,제품 이름,사용자,제품 종류,등록 날짜,내용,추천 수
658e88958296dcbda3c5f73e,[사미헌] 갈비탕,백**,[사미헌] 갈비탕,2023.10.08,"후기가 좋아서 조카셋 식사용으로 처음 구입했어요. 날씨가 쌀쌀하니 아이들이 잘 먹을거 같았는데, 인기짱이었어요. \n포장을 다 뜯은 뒤라 사진이 없는데, 직사각형 통에 꽁꽁 언채로 잘 도착했고요. 애들 아침 먹을거라 급해서 언 그대로 냄비에 물 조금 붓고 대파 좀 넣고 팔팔 끓여줬어요. 계란지단은 제가 부쳐서 넣은 거에요. 갈빗대 큼직한거2개 보통거2개 정도 다 살이 많이 붙어 있었고, 국물도 살짝 간이 되어서 바로 먹기 좋았어요. 고기잡내도 없었고 기름기제거도 잘되어서 깔끔한 맛. 조카들이 어려서 저는 물을 조금 붓고 간을 약하게 했는데, 어른들은 그냥 먹어도 괜찮을거 같아요. \n일단 네살 막내조카가 갈빗대를 두대나 뜯었습니다ㅎ 조금만 질기면 소고기 뱉어내는데 잘 씹힌데요. 싹 뜯어먹고 국물리필도 하고 밥 말아서 먹었구요. 입짧은 둘째조카도 밥 말아서 갈비살 가위로 잘라줬더니 싹싹 비웠어요. 큰조카는 당연히 잘먹구요. 시간이 좀 있거나 미리 준비하면 당면이나 소면 조금 말아줘도 애들 잘 먹을거 같아요. 캠핑가서도 유용할거 같고, 가을겨울 집에 좀 준비해두시면 금방 상차리기 좋은 갈비탕이었습니다. 4세 6세 8세 셋이서 한통 충분했어요. 어른기준 둘이 먹기 적당한거 같아요. 저는 재구매 갑니다~",33
658e88958296dcbda3c5f73f,[사미헌] 갈비탕,문**,[사미헌] 갈비탕,2023.07.10,어젯밤에 갑자기 아침밥을 든든하게 먹고싶더라구요 ㅋㅋㅋ 무슨 바람이 들었는지...?ㅋㅋㅋ\n베스트 상품 보다고 항상 상위권에 있는 갈비탕을 주문했어요  아침이 얼마나 기다려 지던지요?ㅋㅋ\n집에 뚝배기가 있어서 뚝배기에   제대로 먹어보자 해서 뚝배기에  조리했어요 ㅋㅋㅋ\n설명서에 따로  간을 안해도 된다고 적혀있길래 간은 따로  안했어요 ~~ 정말 간이 적당하게 되어있더라구요\n고기도  부드럽고  4덩이나 들어있었어요  국물도 많이 들어있어요  뚝배기에 국물이 넘칠만큼 많아서   덜어냈어요~~  덕분에 아침  든든하게 먹었습니다\n주말에 부모님드릴려고  또 주문할게요~~,48
658e88958296dcbda3c5f740,[사미헌] 갈비탕,공**,[사미헌] 갈비탕,2022.04.07,"사미헌 갈비탕 추천이용!!\n첨 먹어봤는데.. 재구매각 바로 섰습니다.!ㅋㅋ\n사실 저는 사미헌?이 부산에 유명한 고깃집인것도 몰랐고,\n살짝 세일하길래 한번 먹어 본건데 대성공 입니다!♡\n\n-※참고: 사진에 대파+고추+계란지단은 집에있는거로 추가넣은거에요!\n\n-갈비탕은 냉동된상태로 오고,\n갈빗대4개랑+얼린 국물이랑 있습니다. 냉동실에 보관하고 있다가 전날밤에 냉장실에 넣어두고,\n퇴근하고 저녁에 냄비에 끓이니 인덕션8-9에서 한..13~5분?정도면 다 녹고,끓기시작했어요!\n\n-간을보고 저는 물을 약간 추가했어요.\n(남편이랑 둘이서 먹을거였는데,남편이 국물킬러라서.. 국물요리는 약간 짠상태로 오는게 개인적으로는 더 좋았습니다.) 간은 끓을때 맛보고 개인취향껏 조절하시면 될것같아요!\n후추 뿌리고 대파랑 고추넣고 팔팔끓여서 먹으니\n저녁한끼 뚝딱이네용ㅋㅋ\n\n-고기도 꽤 부드럽고 맛있어요. 갈빗대가 4개들어가있어서 만족스러웠어용ㅋㅋ\n국물도 넘 맛있네요.~당면도 넣어먹으면 좋았을걸ㅜㅜ집에 당면이 없었어요.\n\n-재구매 요인: 가성비( 가격대비 갈빗대 고기의 양)+기본 갈비탕 맛보장+냉동보관의 편리함\n\n퇴근하고 저녁 후닥 해먹기 넘 좋으네용! \n구수해서 애기들 식사로도 좋을것같아요.\n1개샀는데..성인기준 2인입니다.^^\n\n주변에 컬리 사미헌갈비탕 추천할거에용ㅋㅋ\n세일도 자주해주세요♡ 든두하게 두어개 쟁여 나야겠어요^^\n\n다들 행복한 집밥드세유우^^",270
658e88958296dcbda3c5f741,[사미헌] 갈비탕,정**,[사미헌] 갈비탕,2023.12.29,할인하면 무조건 사야되는 템 중 하나\n좀 비싸긴 하지만\n진짜 사미헌 ㅜㅜ 너무 맛있어요!!,0
658e88958296dcbda3c5f742,[사미헌] 갈비탕,유**,[사미헌] 갈비탕,2023.12.29,늘 먹는제품 좋아용,0
658e88958296dcbda3c5f743,[사미헌] 갈비탕,고**,[사미헌] 갈비탕,2023.12.29,저흰 컬리에서 산 이후로 사미헌 갈비탕은 컬리에서만 구매해요 ^^ 당면 불려서 조금 넣고. 대파곁들이면 \n더할나위없이 맛있는 갈비탕입니다 ^^\n매장에서 먹는맛으로 먹고싶어서 \n전 뚝배기까지 구매해서 먹는데 \n너무너무 맛있어요 ^^,0
658e88958296dcbda3c5f744,[사미헌] 갈비탕,김**,[사미헌] 갈비탕,2023.12.29,간편하게 먹을 수 있어서 좋아요! 갈비는 5개 크게 들어있어요.,0
658e88958296dcbda3c5f745,[사미헌] 갈비탕,정**,[사미헌] 갈비탕,2023.12.29,항상사미헌갈비탕만먹어요맛있어요,0
658e88958296dcbda3c5f746,[사미헌] 갈비탕,김**,[사미헌] 갈비탕,2023.12.29,갈비집에서 먹는 갈비탕 이에요\n당면을 뜨거운 물에 잠깐 두었다가 넣어 먹으면 더 맛있음.\n혼자먹기에 양이 많은 듯 함,0
658e88958296dcbda3c5f747,[사미헌] 갈비탕,오**,[사미헌] 갈비탕,2023.12.29,사미헌 갈비탕~~\n국물 진하고 맛있어요!!!,0
658e88978296dcbda3c5f748,[사미헌] 갈비탕,오**,[사미헌] 갈비탕,2023.12.29,부모님보내드렸어요.   ,0
658e88978296dcbda3c5f749,[사미헌] 갈비탕,김**,[사미헌] 갈비탕,2023.12.29,사미헌갈비탕 맛있죠ㅋㅋㅋ근데 요번에는 좀;;;,0
658e88978296dcbda3c5f74a,[사미헌] 갈비탕,이**,[사미헌] 갈비탕,2023.12.29,지금까지는 이게 제일 나은거 같았는데 조금씩 아숴워지는듯,0
658e88978296dcbda3c5f74b,[사미헌] 갈비탕,하**,[사미헌] 갈비탕,2023.12.29,가격이 올랐네요 맛있어요 ,0
658e88978296dcbda3c5f74c,[사미헌] 갈비탕,맹**,[사미헌] 갈비탕,2023.12.29,부드럽고 맛있어요 ~~,0
658e88978296dcbda3c5f74d,[사미헌] 갈비탕,김**,[사미헌] 갈비탕,2023.12.29,자주 주문하는 인기있는 갈비탕입니다 ,0
658e88978296dcbda3c5f74e,[사미헌] 갈비탕,노**,[사미헌] 갈비탕,2023.12.29,추천 할만한 상품 맛 굿~~,0
658e88978296dcbda3c5f74f,[사미헌] 갈비탕,박**,[사미헌] 갈비탕,2023.12.29,사미헌갈비탕 맛있어요추천,0
658e88978296dcbda3c5f750,[사미헌] 갈비탕,차**,[사미헌] 갈비탕,2023.12.29,양은 많은데 고기가 그렇게 많지는 않아요 맛은 괜찮아요,0
658e88978296dcbda3c5f751,[사미헌] 갈비탕,최**,[사미헌] 갈비탕,2023.12.29,사미헌 is 뭔들\nㅜ 갈비탕 너무 맛있어요,0
658e88988296dcbda3c5f752,[사미헌] 갈비탕,문**,[사미헌] 갈비탕,2023.12.29,갈비탕 할인해서 사요,0
658e88988296dcbda3c5f753,[사미헌] 갈비탕,윤**,[사미헌] 갈비탕,2023.12.29,떨어지기 전에 냉동실에 꼭 채워 놓고 있어요.\n국물이 깔끔하고 고기가 부드러워요,0
658e88988296dcbda3c5f754,[사미헌] 갈비탕,이**,[사미헌] 갈비탕,2023.12.29,"호주산이었음 더 좋았을 듯..^.,^ \n사미헌은 줄곧 갈비탕 생각날 때마다 구매해서 먹고 있어요. 식당은 왠지 그릇들도 찐득하고 개인적으로 양이 많아 조절을 못해 남기는 경우가 있는데 집에서 깨끗하게 양도 덜어 먹으면 되니 좋아요.",0
658e88988296dcbda3c5f755,[사미헌] 갈비탕,장**,[사미헌] 갈비탕,2023.12.29,"쟁여 놓고 한개 먹으면 또 한개 채워 놓곤 합니다. 반듯한 갈비가 들어 있어 믿음이 갑니다. 대파와 불린당면,때때로 계란 지단 얹어 먹어요. 집밥으론 2인분은 됩니다",0
658e88988296dcbda3c5f756,[사미헌] 갈비탕,이**,[사미헌] 갈비탕,2023.12.29,겨울에 쟁기는 갈비탕,0
658e88988296dcbda3c5f757,[사미헌] 갈비탕,천**,[사미헌] 갈비탕,2023.12.29,언제나 후회없는 맛집 최고에요,0
658e88988296dcbda3c5f758,[사미헌] 갈비탕,안**,[사미헌] 갈비탕,2023.12.29,추운날 아침 당면 넣어 먹음\n너무 맛나요,0
658e88988296dcbda3c5f759,[사미헌] 갈비탕,이**,[사미헌] 갈비탕,2023.12.29,많이 짜지 않고 먹을만 합니다. 시중에 파는것과 맛이 똑같아요.,0
658e88998296dcbda3c5f75a,[사미헌] 갈비탕,오**,[사미헌] 갈비탕,2023.12.29,사미헌꺼 LA갈비가 넘 맛있었어서 갈비탕도 구매했는데 맛있어요~~!!,0
658e88998296dcbda3c5f75b,[사미헌] 갈비탕,최**,[사미헌] 갈비탕,2023.12.29,컬리에선 언제나 사미헌 갈비탕.냉동실에 쟁여둿다 생각날때  버섯. 당면. 파 듬북 넣어 먹음 맛남,0
658e889c8296dcbda3c5f75c,[델리치오] 호주산 목초육 안심 스테이크 250g (냉장),윤**,[델리치오] 호주산 목초육 안심 스테이크 250g (냉장),2023.10.11,"컬리 덕분에 맛있는 스테이크로 좋은 저녁 식사를 가져보았는데 공유합니다~ 종종 먹었던 스테이크인데 이번엔 좀 더 특별했어요! 컬리의 아스파라거스, 버섯, 채소, 치즈 등과 곁들여먹으니 어디 안 가고 집에서 먹어도 충분히 분위기 낼 수 있었어요.\n\n고기가 탄탄하고 두꺼워서 전문가가 아닌 저는 굽는 과정이 험난했는데 그만큼 고기 질은 훌륭하고 맛도 너무너무 좋았습니다.",77
658e889c8296dcbda3c5f75d,[델리치오] 호주산 목초육 안심 스테이크 250g (냉장),정**,[델리치오] 호주산 목초육 안심 스테이크 250g (냉장),2023.09.18,"컬리 구경중에 안심 세일하길래,\n안심스테이크 먹고싶어서 컬리 새벽배송 주문했어요.\n컬리에서 스테이크에 필요한 안심250g, 샐러드, 발사믹 올리브유 함께 구매했어요.\n\n💛버터풍미 안심스테이크💛\n<재료>\n안심250g, 스테이크소스(함박소스대체가능), 소금, 후추, 버터, 모짜렐라치즈\n(선택)샐러드, 샐러드소스\n(선택-구운야채)새송이버섯, 애호박\n<만드는법>\n애호박 굽기\n새송이 굽기\n버터 녹여 안심 굽기(구우면서 소금, 후추 뿌리기)(소스 뿌리기-기호에 맞게)\n샐러드(식초물에 담궈 탈수하기) \n샐러드소스 뿌리기(발사믹 올리브유 사용)\n\n호주산 소고기 한우 부럽지 않게 육즙 팡팡!!\n너무 부드럽고 도톰하네요.\n전 복분자에 분위기 내면서 먹었어요.\n치즈랑 스테이크 함께 먹으니 더욱 맛있네요(강추!)🤩\n종종 구매해서 먹어야겠어요♡\n잘먹었습니다🥰\n단백질 충전 완료🧡",40
658e889c8296dcbda3c5f75e,[델리치오] 호주산 목초육 안심 스테이크 250g (냉장),김**,[델리치오] 호주산 목초육 안심 스테이크 250g (냉장),2023.08.18,"너무 맛있어요~ 호주산이지만 한우처럼 맛났어요~\n호주산 목초육 안심 자주 사는데 이건 정말 한우스테이크 먹는것같았어요~\n\n[스테이크 굽기]\n재료 : 소고기 안심(600g), 소금, 올리브오일, 후추\n소고기는 실온에 미리(1시간전에) 여름엔 30분 꺼내놓고 소금. 올리브유에 시즈닝해 놓아요. (고기 앞뒤로 시즈닝)\n1, 팬을 센불로 달궈요(무쇠팬 사용) 코팅팬/스텐팬도 모두 가능해요.\n2, 팬에 오일을 넉넉히  두르고 시즈닝한 고기를 올려 센불에서 스테이크를 앞뒤로 크리스피하게 굽고\n3, 중불에서 2분 굽고, 뒤집어서 뒷면도 2분 구워요.\n4, 세워서 1분씩 모든 면을 구워요\n5, 앞면 다시 1분, 뒷면 다시 1분 구워요(여기까지 굽기 정도는 미디엄이에요. 미디엄 웰은 2분 정도 더 구워주면 되요)\n6, 팬에서 고기를 꺼내 레스팅 4분 후 도마에 올려 고기를 썰어 후추 뿌려 드세요. \n홀그레인머스타드를 곁들여 먹으면 훨씬 맛있어요.",140
658e889c8296dcbda3c5f75f,[델리치오] 호주산 목초육 안심 스테이크 250g (냉장),박**,[델리치오] 호주산 목초육 안심 스테이크 250g (냉장),2023.12.29,음.. 두껍고.. 잡내는 없었는데 그저 그랬어요.. 부드럽지 않음..,0
658e889c8296dcbda3c5f760,[델리치오] 호주산 목초육 안심 스테이크 250g (냉장),유**,[델리치오] 호주산 목초육 안심 스테이크 250g (냉장),2023.12.29,"후기가 좋아서 별기대않하고 구매했는데~우왕~\n완전성공성공!!육즙도 많고 육질도 부드럽고 단백하건 당연하고 고기잡내도 없더라구요~컬리 덕분에 스테이크 맛있게 잘해먹었습니다\n\n《안심 스테이크》\n1 고기의 핏물을 키친타올로 제거합니다\n2  레드와인을 요리용붓으로 골고루 발라서 2~30분정도 숙성시켜줍니다 이때 로즈마리도 같이            올려서 잡내를 잡아줍니다\n3  올리브유를 발라서 밑간시 육즙을 가둬둡니다\n4  허브솔트나 소금후추로 밑간하여 10분정도 놔둡니다\n5  편마늘은 미리 올리브유에 튀기듯이 준비하고 그 오일에 손질해논 양송이, 아스파라거스, 양파, 파프리카, 방울토마토 가니쉬를 살짝 익혀서 따로 준비합니다\n6 다른팬에 올리브유를 두르고 가열해서 온도를 올려서 빠르게 고기를 굽다가 불세기를 낮추고 더 구워줍니다\n버터를 넣고 (굽기 상태를 봐가면서)더구워줍니다(겉이 바싹익어야 미디움 웰던이 되더라구요)\n7  불을 끄고 후라이팬을 호일로 덮어서 잔열로 속안까지 더익도록 10분정도 놔둡니다\n8 예쁘게 플레이팅하고 마지막으로 스테이크소스를 뿌려줍니다~~~^^",0
658e889c8296dcbda3c5f761,[델리치오] 호주산 목초육 안심 스테이크 250g (냉장),오**,[델리치오] 호주산 목초육 안심 스테이크 250g (냉장),2023.12.29,안심 스테이크 호주산이라서 고기가 맛있어요!!,0
658e889c8296dcbda3c5f762,[델리치오] 호주산 목초육 안심 스테이크 250g (냉장),정**,[델리치오] 호주산 목초육 안심 스테이크 250g (냉장),2023.12.29,할인해서 자주 구매했네요.,0
658e889c8296dcbda3c5f763,[델리치오] 호주산 목초육 안심 스테이크 250g (냉장),정**,[델리치오] 호주산 목초육 안심 스테이크 250g (냉장),2023.12.29,호주산 목초육안심 자주 구매합니다.,0
658e889c8296dcbda3c5f764,[델리치오] 호주산 목초육 안심 스테이크 250g (냉장),정**,[델리치오] 호주산 목초육 안심 스테이크 250g (냉장),2023.12.29,호주산 안심 자주 구매합니다.,0
658e889c8296dcbda3c5f765,[델리치오] 호주산 목초육 안심 스테이크 250g (냉장),한**,[델리치오] 호주산 목초육 안심 스테이크 250g (냉장),2023.12.29,"집에 있는 스테이크용 안심이 모자라서 추가로 구입했어요. 스테이크용 안심인데 잘라진 모양이 동그랗지 않은 건 처음이라 좀 당황스러웠어요. 모양이 이상하니 구워도 좀 볼품이 없어요. 그리고 안심이지만 정말 기름기가 없어서 살짝 질긴 느낌도 있었어요. 다른 건 다 품절이고, 집에 없어서 급해서 주문했지 재주문은 안 할 것 같아요.",0
658e889e8296dcbda3c5f766,[델리치오] 호주산 목초육 안심 스테이크 250g (냉장),박**,[델리치오] 호주산 목초육 안심 스테이크 250g (냉장),2023.12.29,고소하고 맛있게 잘먹었어요,0
658e889e8296dcbda3c5f767,[델리치오] 호주산 목초육 안심 스테이크 250g (냉장),유**,[델리치오] 호주산 목초육 안심 스테이크 250g (냉장),2023.12.29,신선하고 맛있어요!!,0
658e889e8296dcbda3c5f768,[델리치오] 호주산 목초육 안심 스테이크 250g (냉장),차**,[델리치오] 호주산 목초육 안심 스테이크 250g (냉장),2023.12.29,마켓컬리 호주산쇠고기는 최고입니다\n누린내에 예민해서 아무리비싼고기도\n조금만 냄새가나도 먹지못하는\n까탈스러움을 갖고있는데\n주문할때마다 어쩜 이렇게 부드럽고\n잡내없는지 감탄합니다\n이번엔  규동해먹었어요\n당근 재구매하려구요,0
658e889e8296dcbda3c5f769,[델리치오] 호주산 목초육 안심 스테이크 250g (냉장),우**,[델리치오] 호주산 목초육 안심 스테이크 250g (냉장),2023.12.29,퀄리티가 좋은 수입육이에요\n저는 수입육은 꼭 호주산 먹어요\n안심이라 특히 좋네요!,0
658e889e8296dcbda3c5f76a,[델리치오] 호주산 목초육 안심 스테이크 250g (냉장),최**,[델리치오] 호주산 목초육 안심 스테이크 250g (냉장),2023.12.29,벙개배송 신선도 최곱니다.,0
658e889e8296dcbda3c5f76b,[델리치오] 호주산 목초육 안심 스테이크 250g (냉장),이**,[델리치오] 호주산 목초육 안심 스테이크 250g (냉장),2023.12.29,할인하길래 구입. 맛있길 기대합니다~~,0
658e889e8296dcbda3c5f76c,[델리치오] 호주산 목초육 안심 스테이크 250g (냉장),김**,[델리치오] 호주산 목초육 안심 스테이크 250g (냉장),2023.12.29,고기좋아요~~\n부드러워요,0
658e889e8296dcbda3c5f76d,[델리치오] 호주산 목초육 안심 스테이크 250g (냉장),유**,[델리치오] 호주산 목초육 안심 스테이크 250g (냉장),2023.12.29,한우 대용으로 좋아요. 담백해요.,0
658e889e8296dcbda3c5f76e,[델리치오] 호주산 목초육 안심 스테이크 250g (냉장),이**,[델리치오] 호주산 목초육 안심 스테이크 250g (냉장),2023.12.29,때마다 다르지만 맛있게먹었어요ㅡ,0
658e889e8296dcbda3c5f76f,[델리치오] 호주산 목초육 안심 스테이크 250g (냉장),조**,[델리치오] 호주산 목초육 안심 스테이크 250g (냉장),2023.12.29,너무너무맛있었어요 \n담번에 재구매각이예요 부드럽고 가성비좋아요 세식구조금모자라서 두개구입할걸 후회했어요,0
658e889f8296dcbda3c5f770,[델리치오] 호주산 목초육 안심 스테이크 250g (냉장),이**,[델리치오] 호주산 목초육 안심 스테이크 250g (냉장),2023.12.29,포장된 상태는 양이 작아 보이는데 막상 구워보면 그렇지 않네요. 엄청 부드럽고 맛있어요. 굿~~,0
658e889f8296dcbda3c5f771,[델리치오] 호주산 목초육 안심 스테이크 250g (냉장),김**,[델리치오] 호주산 목초육 안심 스테이크 250g (냉장),2023.12.29,가성비 좋고 실패한적이 없네요,0
658e889f8296dcbda3c5f772,[델리치오] 호주산 목초육 안심 스테이크 250g (냉장),강**,[델리치오] 호주산 목초육 안심 스테이크 250g (냉장),2023.12.29,고기 좋네요 \n또 살거에요,0
658e889f8296dcbda3c5f773,[델리치오] 호주산 목초육 안심 스테이크 250g (냉장),김**,[델리치오] 호주산 목초육 안심 스테이크 250g (냉장),2023.12.29,와  이거 진짜 넘하던데요. 저번도 그렇고 이번도 그렇고 안심이 이렇게 퍽퍽한건 첨입니다ㅜㅜ저렴해서 산건데 심각하네요. 구었다가 넘질기고해서 삶아먹었네요ㅡㅡ완전 무슨 장조림고기인줄 다시는 안심안살듯요,0
658e889f8296dcbda3c5f774,[델리치오] 호주산 목초육 안심 스테이크 250g (냉장),방**,[델리치오] 호주산 목초육 안심 스테이크 250g (냉장),2023.12.29,평이 좋아 구입하게 되었습니다. ,0
658e889f8296dcbda3c5f775,[델리치오] 호주산 목초육 안심 스테이크 250g (냉장),최**,[델리치오] 호주산 목초육 안심 스테이크 250g (냉장),2023.12.29,고기가 안심인데 질기네요..,0
658e88a08296dcbda3c5f776,[델리치오] 호주산 목초육 안심 스테이크 250g (냉장),이**,[델리치오] 호주산 목초육 안심 스테이크 250g (냉장),2023.12.29,언제먹어도 맛있어요 잘먹었습니다 ,0
658e88a08296dcbda3c5f777,[델리치오] 호주산 목초육 안심 스테이크 250g (냉장),방**,[델리치오] 호주산 목초육 안심 스테이크 250g (냉장),2023.12.29,자주먹어요 좋아요~~,0
658e88a08296dcbda3c5f778,[델리치오] 호주산 목초육 안심 스테이크 250g (냉장),김**,[델리치오] 호주산 목초육 안심 스테이크 250g (냉장),2023.12.29,정말 부드럽고 맛있어요. 이 가격에 맛있는 안심을 먹을 수 있어서 너무 좋습니다~!!,0
658e88a08296dcbda3c5f779,[델리치오] 호주산 목초육 안심 스테이크 250g (냉장),이**,[델리치오] 호주산 목초육 안심 스테이크 250g (냉장),2023.12.29,잡내없이 연해서 아이들이 잘먹어요,0
658e88a38296dcbda3c5f77a,[KF365] 양념 소불고기 1kg (냉장),권**,[KF365] 양념 소불고기 1kg (냉장),2023.12.19,"🌟 집에 또띠아 남은 것과 유통기한이 임박한 사워크림이 있어서 소불고기 사서 퀘사디아 만들어먹었어요. 퀘사디아는 난생 처음 도전해보는데 정말 간단하게 만들 수 있지만 기대 이상으로 맛있어서 레시피 공유해볼게요! 👩‍🍳 \n\n1. 소불고기 약 400g 정도를 양파와 함께 볶았구요~ (2인분 기준) 간이 이미 되어있어서 추가 간은 하지 않았습니다 :) \n2. 또띠아는 마켓컬리에서 구입한 8인치 밀또띠아를 사용했어요. 또띠아를 중불로 앞뒤로 노릇하게 구워준 다음 한장은 빼놓고, 다른 한장은 한면만 구운 다음 뒤집어서 약불로 바꿔줍니다. \n3. 그 위에 슈레드(혹은 모짜렐라) 치즈를 적절히 뿌려준 다음 볶은 소불고기를 원하는 양만큼 올려주고요. 그 위로 치즈를 한번 더 올려줬어요. \n4. 미리 익혀둔 또띠아를 위에 올려준 다음 부침개로 눌러주면서 익혀주고, 뒤집어서 동일한 과정 반복하면 완성 :) \n2-4 과정을 반복해서 총 2인분으로 만들어봤어요.\n\n정말 간단한데, 소불고기가 부드럽고 간이 너무 짜지도 않고 잘 되어있어서 그런지 정말 맛있어용 🥰  또 생각보다 배도 든든히 채워지네요~ ^^ 사워크림 뿐만 아니라, 핫소스와도 아주 잘 어울릴 것 같아요 ^^ \n저처럼 바로 만들어드셔도 좋고, 불고기 요리 후 애매하게 남은게 있다면 퀘사디아로 활용해보시는 것도 좋을 것 같아요 ♥️",9
658e88a38296dcbda3c5f77b,[KF365] 양념 소불고기 1kg (냉장),윤**,[KF365] 양념 소불고기 1kg (냉장),2023.11.11,"엄마 생신상 메뉴 중 하나인 소불고기를\n만들어 보려고 했으나 제가 워낙 소문난 똥손이라..\n밀키트로 알아보다\n컬리에서 “최저가 도전”에 “후기까지 훌륭” 하길래\n고민 없이 바로 주문했어요 꺄륵\n후기처럼 달지만 다른 소불고기보다 훨씬 덜 달고\n자극적이지 않고 맛있네요!\n\n😊 KF365 양념 소불고기 😊\n-육가공 전문브랜드 견우 브랜드와 함께 제조💯\n-HACCP 인증 시설에서 위생적으로 제조\n-1kg 대용량\n-냉동이 아닌 냉장 제품💯\n\n😊 후기 😊\n-소불고기는 단맛으로 먹는다고 하는데\n개인적으로 단맛이 강한 소불고기는 안 좋아해요\n여기 소불고기는 단맛이 없지는 않지만 \n거부감이 드는 단맛이 아니라 너무 좋아요!!\n감칠맛이 대박이고 정말 너무 맛있네요오\n-개인적으로 야채 없이 고기만 있어서 더 좋아용! \n가끔 밀키트 야채가 흐물하거나\n신선하지 않은 경우가 있더라고요..\n-음식 냄새에 다소 예민한 편이고,\n특히 고기 냄새에 많이 예민한데 \n이 고기는 진짜 냄새가 하나도 안 나요!!!!\n-살코기와 마블링 비율 괜찮아요\n고기 질 좋고 질기지 않고 부드러워요\n-양파, 당근, 숙주, 팽이 버섯, 목이 버섯 등 \n취향에 맞는 야채와 부재료들을 넣어 \n더더더 맛있게 먹었네요 꺄륵 너무 맛있어요오\n\n✔️ 생신인 엄마가 양손 따봉을 날려주셨어용\n재주문의사 1000% 입니다!",20
658e88a38296dcbda3c5f77c,[KF365] 양념 소불고기 1kg (냉장),이**,[KF365] 양념 소불고기 1kg (냉장),2023.09.06,"소불고기 밥반찬으로만 먹는게 지겨울땐\n저흰 월남쌈도 해먹고 또띠아랩도 해먹어요 \n각자 식성에 맞게 잘 안먹는 야채까지 먹을 수 있어 자주 해먹습니다\n\n재료는 간단합니다\n소불고기가 준비되었다면\n\n월남쌈-라이스페이퍼\n또띠아준비해주시고요\n\n월남쌈이나 또띠아랩에 들어가는 야채는 \n기본야채- 양상추, 양파, 당근, 파프리카\n+@ 베이비채소,사과, 오이, 크래미, 파인애플, 치즈까지 준비하면 좀 더 풍성한 맛을 즐기실수 있습니다\n\n소스)월남쌈-피쉬소스, 땅콩소스, 칠리소스\n        또띠아-치폴레 버거소스(강추-컬리구입)\n                    허니머스타드, 케찹, \n\n\n이제 취향껏 만들어먹으면 끝!",90
658e88a38296dcbda3c5f77d,[KF365] 양념 소불고기 1kg (냉장),안**,[KF365] 양념 소불고기 1kg (냉장),2023.12.29,떡볶이로도 반찬으로도 굿,0
658e88a38296dcbda3c5f77e,[KF365] 양념 소불고기 1kg (냉장),이**,[KF365] 양념 소불고기 1kg (냉장),2023.12.29,저렴하게잘샀어요 맛있어요 ,0
658e88a38296dcbda3c5f77f,[KF365] 양념 소불고기 1kg (냉장),국**,[KF365] 양념 소불고기 1kg (냉장),2023.12.29,후기대로 맛 괜찮아요 자주 살거 같아요,0
658e88a38296dcbda3c5f780,[KF365] 양념 소불고기 1kg (냉장),정**,[KF365] 양념 소불고기 1kg (냉장),2023.12.29,2개를 주문했는데 아이스박스에넣지않고 종이박스에넣어보냈네요..냉장식품인데 상하면어쩌라고...성의가없어 앞으로 주문하지않을예정입니다..,0
658e88a38296dcbda3c5f781,[KF365] 양념 소불고기 1kg (냉장),최**,[KF365] 양념 소불고기 1kg (냉장),2023.12.29,믿고먹는 컬리제품 양도 대박,0
658e88a48296dcbda3c5f782,[KF365] 양념 소불고기 1kg (냉장),정**,[KF365] 양념 소불고기 1kg (냉장),2023.12.29,세번 정도 반찬으로 먹기 좋아요. 상태 괜찮아요.,0
658e88a48296dcbda3c5f783,[KF365] 양념 소불고기 1kg (냉장),박**,[KF365] 양념 소불고기 1kg (냉장),2023.12.29,불고기가 먹고 싶을때 꼭 삽니다,0
658e88a58296dcbda3c5f784,[KF365] 양념 소불고기 1kg (냉장),최**,[KF365] 양념 소불고기 1kg (냉장),2023.12.29,한번에 뚝딱 다 먹었슈\n사진찍을새도 없이...\n그래서 다 먹고 분리수거전 빈포장그릇을 찍어봅니다ㅜㅜ\n제법 큰 용량이죠??\n맛도 싹 비운 그릇만큼 맛있어요^^,0
658e88a58296dcbda3c5f785,[KF365] 양념 소불고기 1kg (냉장),오**,[KF365] 양념 소불고기 1kg (냉장),2023.12.29,고기잘 안드시는 부모님댁에 드렸더니 잘드시네요 ,0
658e88a58296dcbda3c5f786,[KF365] 양념 소불고기 1kg (냉장),황**,[KF365] 양념 소불고기 1kg (냉장),2023.12.29,인기많은 이유가있는듯해요~\n2인기준으로. 소분해서 3번정도 먹으면 딱이에요!! \n양파 대파 버섯넣고 저는 간장으로 조금 더 양념해서 먹으니 맛있더라구요^^,0
658e88a58296dcbda3c5f787,[KF365] 양념 소불고기 1kg (냉장),손**,[KF365] 양념 소불고기 1kg (냉장),2023.12.29,저번에 먹어보니 괜찮아서 재구매했습니다 ,0
658e88a58296dcbda3c5f788,[KF365] 양념 소불고기 1kg (냉장),윤**,[KF365] 양념 소불고기 1kg (냉장),2023.12.29,양념 소불고기 잘 먹고 있습니다.,0
658e88a58296dcbda3c5f789,[KF365] 양념 소불고기 1kg (냉장),박**,[KF365] 양념 소불고기 1kg (냉장),2023.12.29,할인도 하고 아이들 방학때 반찬으로 할려고 구매해요. 몇번 구매했는데 간도 좋고 맛있었어요.,0
658e88a58296dcbda3c5f78a,[KF365] 양념 소불고기 1kg (냉장),유**,[KF365] 양념 소불고기 1kg (냉장),2023.12.29,간단하게 해먹기 괜찮고 맛있어요,0
658e88a58296dcbda3c5f78b,[KF365] 양념 소불고기 1kg (냉장),노**,[KF365] 양념 소불고기 1kg (냉장),2023.12.29,"맛도 좋고, 양도 많고 가성비 좋은 제품이라 자주 구매해요.",0
658e88a58296dcbda3c5f78c,[KF365] 양념 소불고기 1kg (냉장),송**,[KF365] 양념 소불고기 1kg (냉장),2023.12.29,부드러운육질에 불고기 반찬 극찬 ㅋㅋ ,0
658e88a58296dcbda3c5f78d,[KF365] 양념 소불고기 1kg (냉장),이**,[KF365] 양념 소불고기 1kg (냉장),2023.12.29,양념이 잘되어있어 편리하고 좋아요,0
658e88a68296dcbda3c5f78e,[KF365] 양념 소불고기 1kg (냉장),윤**,[KF365] 양념 소불고기 1kg (냉장),2023.12.29,남편이 좋아하는 소불고기,0
658e88a68296dcbda3c5f78f,[KF365] 양념 소불고기 1kg (냉장),박**,[KF365] 양념 소불고기 1kg (냉장),2023.12.29,맛있어요 아빠가 좋아하셔요,0
658e88a68296dcbda3c5f790,[KF365] 양념 소불고기 1kg (냉장),편**,[KF365] 양념 소불고기 1kg (냉장),2023.12.29,야채추가해서 먹으니 간도 적당하고 가족들 모두 맛있게 잘 먹었어요,0
658e88a68296dcbda3c5f791,[KF365] 양념 소불고기 1kg (냉장),정**,[KF365] 양념 소불고기 1kg (냉장),2023.12.29,물가가 오르긴 올랐네요 오랜만에 구매해서... 맛있겠어요,0
658e88a78296dcbda3c5f792,[KF365] 양념 소불고기 1kg (냉장),손**,[KF365] 양념 소불고기 1kg (냉장),2023.12.29,소분해서 냉동해두면 한 끼씩 딱 좋아요 ,0
658e88a78296dcbda3c5f793,[KF365] 양념 소불고기 1kg (냉장),지**,[KF365] 양념 소불고기 1kg (냉장),2023.12.29,명절에 쓰려고요 ~,0
658e88a78296dcbda3c5f794,[KF365] 양념 소불고기 1kg (냉장),이**,[KF365] 양념 소불고기 1kg (냉장),2023.12.29,양념육은 처음 구매인데 간이 넘 쎄지도 않고 간단하게 먹을 수 있어서 좋아요,0
658e88a78296dcbda3c5f795,[KF365] 양념 소불고기 1kg (냉장),정**,[KF365] 양념 소불고기 1kg (냉장),2023.12.29,불고기 덮법할려고 구매합니다.,0
658e88a78296dcbda3c5f796,[KF365] 양념 소불고기 1kg (냉장),손**,[KF365] 양념 소불고기 1kg (냉장),2023.12.29,양파조금 더 넣고 먹으면 딱젛ㅇ.ㅁ,0
658e88a78296dcbda3c5f797,[KF365] 양념 소불고기 1kg (냉장),유**,[KF365] 양념 소불고기 1kg (냉장),2023.12.29,저번에 주문해먹었을땐 맛있었는데 이번엔 냄새가 좀 나네요...ㅜㅜ,0
658e88ac8296dcbda3c5f798,[벽제갈비] 한우 설렁탕 & 양곰탕 & 곰탕,김**,[벽제갈비] 한우 양곰탕,2022.09.29,제가 양곰탕 자체를 먹어본 적이 없는데 마켓컬에서 팔기에 궁금해서 구매해봤어요. 뭔가 곰탕하면 저는 하얀 국물을 생각했는데 빨간 국물이라서 얼큰하게 먹을 수 있겠다 싶어서 좀 기대를 했어요!\n\n조리방법도 간단해요\n해동을 시킨 후에 끓이면 끝이에요. 그리고 각자 취향에 맞게\n야채를 넣으면 더 맛있다고 하더라구요. 그리고 계란도 넣어\n취향에 맞게 익혀먹으면 되는데 저는 귀찮아서ㅠㅠ그냥 양곰탕만 해동해서 끓였는데 더 맛있게 드실 분은 꼭 추가해드시길 바랍니다. (그냥 먹어도 맛있긴 해요)\n\n그리고 양이랑 고기부분이 질길 줄 알았는데 하나도 안 질기고 부드러워서 좋았어요!! 그리고 그 자체로도 맛있어서 얼큰하게 잘 먹었어요. 그래서 쌀쌀한 요즘 날씨와도 잘 어울리고 맛있어서 추천합니다!,25
658e88ac8296dcbda3c5f799,[벽제갈비] 한우 설렁탕 & 양곰탕 & 곰탕,박**,[벽제갈비] 한우 설렁탕,2023.12.29,벽제갈비랑 사미헌이랑 비교해보려고요,0
658e88ac8296dcbda3c5f79a,[벽제갈비] 한우 설렁탕 & 양곰탕 & 곰탕,박**,[벽제갈비] 한우 양곰탕,2023.12.29,후기가 좋아 기대중이에요,0
658e88ac8296dcbda3c5f79b,[벽제갈비] 한우 설렁탕 & 양곰탕 & 곰탕,김**,[벽제갈비] 한우 곰탕,2023.12.29,딸아이가 잘 먹어 세일할땐 항상 구입템,0
658e88ac8296dcbda3c5f79c,[벽제갈비] 한우 설렁탕 & 양곰탕 & 곰탕,이**,[벽제갈비] 한우 양곰탕,2023.12.29,세일때 잘 샀어요!!!,0
658e88ad8296dcbda3c5f79d,[벽제갈비] 한우 설렁탕 & 양곰탕 & 곰탕,엄**,[벽제갈비] 한우 양곰탕,2023.12.29,맛이 괜찮아서 부모님께 보내드렸습니다 ,0
658e88ad8296dcbda3c5f79e,[벽제갈비] 한우 설렁탕 & 양곰탕 & 곰탕,엄**,[벽제갈비] 한우 곰탕,2023.12.29,부모님께 보내드렸습니다 ,0
658e88ad8296dcbda3c5f79f,[벽제갈비] 한우 설렁탕 & 양곰탕 & 곰탕,김**,[벽제갈비] 한우 양곰탕,2023.12.28,친정부모님 드시라고 주문했어요 아빠가 냄새안나고 맛있게 드셨다네요,0
658e88ad8296dcbda3c5f7a0,[벽제갈비] 한우 설렁탕 & 양곰탕 & 곰탕,민**,[벽제갈비] 한우 곰탕,2023.12.28,포장이 찢어져 와서 교환. 일주일 소요..,0
658e88ad8296dcbda3c5f7a1,[벽제갈비] 한우 설렁탕 & 양곰탕 & 곰탕,이**,[벽제갈비] 한우 양곰탕,2023.12.28,비싸서 그렇지.벽제갈비니까요,0
658e88ae8296dcbda3c5f7a2,[벽제갈비] 한우 설렁탕 & 양곰탕 & 곰탕,황**,[벽제갈비] 한우 양곰탕,2023.12.28,조금 가격이 잇긴하지만 그만큼의 효과는 잇는것같네요,0
658e88ae8296dcbda3c5f7a3,[벽제갈비] 한우 설렁탕 & 양곰탕 & 곰탕,김**,[벽제갈비] 한우 곰탕,2023.12.28,곰탕등 재료 보면 첨가물 든 곰탕도 많은데 벽제갈비 곰탕은 진짜 고기랑 물만 들어간 믿고 먹을 수 있는 제품이에요 . 물론 가격이 조금 나가긴 하지만 .. 급할때 끓여서 밥 말아 후르륵 한끼 해결할 수 있어서 항상 냉동실에 구비해 두네요 ,0
658e88ae8296dcbda3c5f7a4,[벽제갈비] 한우 설렁탕 & 양곰탕 & 곰탕,김**,[벽제갈비] 한우 곰탕,2023.12.28,세일해서 쟁였어요.\n당면 넣고 파 넣고 먹으면 맛있어요 ,0
658e88ae8296dcbda3c5f7a5,[벽제갈비] 한우 설렁탕 & 양곰탕 & 곰탕,김**,[벽제갈비] 한우 설렁탕,2023.12.28,맛있는데 비싸서 세일 자주해 주세요,0
658e88ae8296dcbda3c5f7a6,[벽제갈비] 한우 설렁탕 & 양곰탕 & 곰탕,오**,[벽제갈비] 한우 설렁탕,2023.12.28,"갈비탕만으로도 맛있는데\n\n떡만두국 먹고 싶어서\n컬리에서 같이 산 대파, 미식 만두, 무항생제 달걀, 경기 떡 넣어 먹으니 진짜 맛있네요~",0
658e88ae8296dcbda3c5f7a7,[벽제갈비] 한우 설렁탕 & 양곰탕 & 곰탕,안**,[벽제갈비] 한우 설렁탕,2023.12.28,벽제갈비 한우설렁탕 좋아요.,0
658e88ae8296dcbda3c5f7a8,[벽제갈비] 한우 설렁탕 & 양곰탕 & 곰탕,이**,[벽제갈비] 한우 곰탕,2023.12.28,비계 있는 고기였어요,0
658e88ae8296dcbda3c5f7a9,[벽제갈비] 한우 설렁탕 & 양곰탕 & 곰탕,임**,[벽제갈비] 한우 양곰탕,2023.12.28,엄청 얼큰하고 맛있네요 ㅜㅜ ,0
658e88ae8296dcbda3c5f7aa,[벽제갈비] 한우 설렁탕 & 양곰탕 & 곰탕,김**,[벽제갈비] 한우 양곰탕,2023.12.28,양곰탕 양 쫄깃쫄깃 맛있어요.\n고기보다 양이 많았으면 좋겠어요 ,0
658e88ae8296dcbda3c5f7ab,[벽제갈비] 한우 설렁탕 & 양곰탕 & 곰탕,하**,[벽제갈비] 한우 양곰탕,2023.12.28,맛있어서 재구매합니다!,0
658e88b08296dcbda3c5f7ac,[벽제갈비] 한우 설렁탕 & 양곰탕 & 곰탕,이**,[벽제갈비] 한우 양곰탕,2023.12.28,진짜 맛있어요\n비싸긴하지만 자주 주문합니다,0
658e88b08296dcbda3c5f7ad,[벽제갈비] 한우 설렁탕 & 양곰탕 & 곰탕,박*,[벽제갈비] 한우 양곰탕,2023.12.28,내용물도 꽤 되고 맛있습니다. ,0
658e88b08296dcbda3c5f7ae,[벽제갈비] 한우 설렁탕 & 양곰탕 & 곰탕,김**,[벽제갈비] 한우 양곰탕,2023.12.27,세일할때 주문합니다 ,0
658e88b08296dcbda3c5f7af,[벽제갈비] 한우 설렁탕 & 양곰탕 & 곰탕,윤**,[벽제갈비] 한우 양곰탕,2023.12.27,매장에서 먹던맛이랑 비슷해요,0
658e88b08296dcbda3c5f7b0,[벽제갈비] 한우 설렁탕 & 양곰탕 & 곰탕,강**,[벽제갈비] 한우 설렁탕,2023.12.27,무난하게 먹기 좋아요.쟁여탬,0
658e88b08296dcbda3c5f7b1,[벽제갈비] 한우 설렁탕 & 양곰탕 & 곰탕,강**,[벽제갈비] 한우 양곰탕,2023.12.27,한우양곰탕\n후기보고구매,0
658e88b08296dcbda3c5f7b2,[벽제갈비] 한우 설렁탕 & 양곰탕 & 곰탕,이**,[벽제갈비] 한우 양곰탕,2023.12.27,숙주 추가해서 끓이면 더 맛있어요,0
658e88b08296dcbda3c5f7b3,[벽제갈비] 한우 설렁탕 & 양곰탕 & 곰탕,이**,[벽제갈비] 한우 설렁탕,2023.12.27,약간 냄새가 나서 다소 실망,0
658e88b08296dcbda3c5f7b4,[벽제갈비] 한우 설렁탕 & 양곰탕 & 곰탕,최**,[벽제갈비] 한우 곰탕,2023.12.27,곰탕 벽제도 맛있네요,0
658e88b08296dcbda3c5f7b5,[벽제갈비] 한우 설렁탕 & 양곰탕 & 곰탕,이**,[벽제갈비] 한우 양곰탕,2023.12.27,집에서 간편하게 끓여 먹기 좋습니다 ~,0
658e88b38296dcbda3c5f7b6,[바른식] 부산 조방낙지 낙곱새 (2인분),강**,[컬리멤버스][바른식] 부산 조방낙지 낙곱새 (2인분),2023.11.18,"일일특가 품목으로 처음 구매해본 바른식 부산 조방낙지 낙곱새 !! 거기에 컬리멤버스로 좀 더 할인 해줘서 좋은 가격에 주문했어요 ㅎㅎ\n동생이 부산 살아서 갈때마다 낙곱새는 꼭 먹어줬는데 매장에서 먹는 1인분 가격으로 집에서 편하고 가성비 좋게 2인분 양으로 넉넉하게 먹었네요~\n밀키트라 해동만 하면 손 쉽게 바로 끓여 먹을 수 있어서 컬리 배송 오자마자 찬물에 담궈 해동 해준 뒤에 냉장고에 있던 콩나물도 추가해서 넣었어요^.^\n취향에 맞게 좋아하는 재료 추가하면 더 푸짐하고 맛있게 먹을 수 있으실거예요~!\n조리법도 알아보기 쉽게 설명서에 잘 적혀있어서 간편하고 빠르게 맛있는 낙곱새 만들어 먹었네요 ㅎㅎ\n안에 김가루도 있어서 밥 위에 김가루랑 깨, 참기름 조금 넣고 낙곱새 양념과 비벼 먹었는데 너무너무 맛있네요~!!!\n많이 맵지 않게 적당히 칼칼얼큰 하고,\n낙지 식감도 안질기고 부드럽고 알새우도 탱글, 곱창 아닌 대창도 너무 부들부들하니 양념맛을 좀 더 맛있게 잡아줘서 좋더라구요?!\n양념이 너무 맛있어서 다음날에는 반 남은 낙곱새 양념과 김가루, 밥이랑 날치알 넣고 볶아 먹으려구요>_<\n역시 마무리는 볶음밥인 우리나라의 민족...!\n집에서 먹으니 평소 배불러서 못먹었던 볶음밥도 해먹을 수 있으니 2배로 더 맛있게 해먹는것 같아 좋아요~\n나중에 낙곱새 또 땡길때 이 제품으로 또 재구매해서 먹으려구요 완전 추천합니당!!\n\n*캠핑이나 조리 해먹을 수 있는 여행지 숙소 갈때 추천템",7
658e88b38296dcbda3c5f7b7,[바른식] 부산 조방낙지 낙곱새 (2인분),최**,[바른식] 부산 조방낙지 낙곱새 (2인분),2023.10.09,"쌀쌀해진 날씨에  매콤한게  끌리던..어느날\n\n후기좋고 많이 팔렸는데..\n세일까지 하길래 얼릉 겟한 낙곱새. \n신랑이 물었다, 낙곱새가 뭐냐고..\n우리 부산에서 먹었었는데...\n신랑은 내머릿속에 지우개였나보다...ㅋ\n낙지 곱창 새우가 들어있어서 낙곱새인가봐..\n친절하게 설명후\n\n친절한 안내서에 따라 만들기 시작\n먼저 해산물과 곱창을 해동후 세척\n물 넣고 소스넣고 재료넣고 끓이기\n자작해질때까지..\n\n육아맘은 한그릇 뚝딱으로 먹어야 하므로\n밥에다 소스와 재료넣고 김가루 올려서 \n비벼먹었다....\n매콥하니 맛있었고 실했다..\n\n저녁엔 거기에 같이들어있던 당면넣고 밥반찬으로 \n먹었다",28
658e88b38296dcbda3c5f7b8,[바른식] 부산 조방낙지 낙곱새 (2인분),권**,[바른식]부산 조방낙지 낙곱새 (2인분),2022.06.26,어제 캠핑 앞두고 메뉴 고민하면서 검색하다가\n후기가 너무 좋아서 구매해봤어요\n\n컬리배송이야 말해 뭐해요ㅎ\n새벽에 와 있어서 고대로 들고 캠핑 고고!\n\n텐트 치고 조리하는데 딱 15분 걸렸어요 간편함!\n낙지 튼실하고 새우도 신선해요\n야채도 싱싱하고요\n대창은 안 질기고 쫄깃쫄깃 양도 꽤 많아요\n\n양념도 너무 맛있어서 라면까지 넣어서 먹고\n볶음밥까지 만들어서 순삭했습니당\n\n다른 온라인 업체 낙곱새 마니 먹어봤는데\n이제 정착할 수 있게 됐네요ㅎㅎ\n이제 밖에서 비싸게 안 사먹어도 되겠어요\n너무 잘 먹었구요\n재구매 의사 100% 에요 ♡,160
658e88b48296dcbda3c5f7b9,[바른식] 부산 조방낙지 낙곱새 (2인분),전**,[바른식] 부산 조방낙지 낙곱새 (2인분),2023.12.29,잘먹었습니다 맛있어요,0
658e88b48296dcbda3c5f7ba,[바른식] 부산 조방낙지 낙곱새 (2인분),선*,[바른식] 부산 조방낙지 낙곱새 (2인분),2023.12.29,둘이 먹을만 하네요! ,0
658e88b48296dcbda3c5f7bb,[바른식] 부산 조방낙지 낙곱새 (2인분),김**,[바른식] 부산 조방낙지 낙곱새 (2인분),2023.12.29,조방낙지 낙곱새 괜찮습니다.,0
658e88b48296dcbda3c5f7bc,[바른식] 부산 조방낙지 낙곱새 (2인분),이**,[바른식] 부산 조방낙지 낙곱새 (2인분),2023.12.29,냉동실에 비상 술안주,0
658e88b48296dcbda3c5f7bd,[바른식] 부산 조방낙지 낙곱새 (2인분),지*,[바른식] 부산 조방낙지 낙곱새 (2인분),2023.12.29,늘 잘먹어요 맛있어요,0
658e88b48296dcbda3c5f7be,[바른식] 부산 조방낙지 낙곱새 (2인분),김**,[바른식] 부산 조방낙지 낙곱새 (2인분),2023.12.29,낙곱새는 사랑이라서ㅋ맛있는거에여ㅋㅋ,0
658e88b48296dcbda3c5f7bf,[바른식] 부산 조방낙지 낙곱새 (2인분),강**,[바른식] 부산 조방낙지 낙곱새 (2인분),2023.12.29,낙곱새 너무 맛있어요.,0
658e88b58296dcbda3c5f7c0,[바른식] 부산 조방낙지 낙곱새 (2인분),김**,[바른식] 부산 조방낙지 낙곱새 (2인분),2023.12.29,너무맛나요 ㅎㅎㅎ \n매콤한거좋아해서 매운고춧가루 첨가하고 ㅎㅎㅎㅎ 햇더니 더맛있네요 ㅋ\n곱창전골 같은느낌도 들고 ! 한끼 잘~먹었습니다,0
658e88b58296dcbda3c5f7c1,[바른식] 부산 조방낙지 낙곱새 (2인분),백**,[바른식] 부산 조방낙지 낙곱새 (2인분),2023.12.29,이거 진짜 개O집이나 이런데 비해서 손색 없습니다.\n맛있고 좋네요. ,0
658e88b58296dcbda3c5f7c2,[바른식] 부산 조방낙지 낙곱새 (2인분),민**,[바른식] 부산 조방낙지 낙곱새 (2인분),2023.12.29,좀 달지맘 괜찮아요 먹을만,0
658e88b58296dcbda3c5f7c3,[바른식] 부산 조방낙지 낙곱새 (2인분),윤*,[바른식] 부산 조방낙지 낙곱새 (2인분),2023.12.29,냉동실에 쟁여두고 먹어요.\n양녕도 적당하고 맛있어요.\n세일가에 여러개 재여둡니다.,0
658e88b58296dcbda3c5f7c4,[바른식] 부산 조방낙지 낙곱새 (2인분),김**,[바른식] 부산 조방낙지 낙곱새 (2인분),2023.12.28,두번째시키는거에요 맛은보장합니다 강추에요,0
658e88b58296dcbda3c5f7c5,[바른식] 부산 조방낙지 낙곱새 (2인분),하**,[바른식] 부산 조방낙지 낙곱새 (2인분),2023.12.28,벌써 세번째 시켜먹고 캠핑갈때도 가져가는 밀키트에요..❤️❤️❤️진짜 존맛탱!!!!!!!!!! ,0
658e88b58296dcbda3c5f7c6,[바른식] 부산 조방낙지 낙곱새 (2인분),구**,[바른식] 부산 조방낙지 낙곱새 (2인분),2023.12.28,세일할때 꼭 사는 낙곱새~2인먹기 딱좋아요,0
658e88b58296dcbda3c5f7c7,[바른식] 부산 조방낙지 낙곱새 (2인분),한**,[바른식] 부산 조방낙지 낙곱새 (2인분),2023.12.28,부모님집에 보내드렸는데 맛있게 잘 드셨다고 하네요 뿌듯합니다 ㅎㅎ,0
658e88b58296dcbda3c5f7c8,[바른식] 부산 조방낙지 낙곱새 (2인분),이**,[바른식] 부산 조방낙지 낙곱새 (2인분),2023.12.28,진짜 맛있어서 재주문했어요,0
658e88b58296dcbda3c5f7c9,[바른식] 부산 조방낙지 낙곱새 (2인분),이**,[바른식] 부산 조방낙지 낙곱새 (2인분),2023.12.28,양념도 맛있고 낙지 곱창 새우 세가지 다 맛볼 수 있어서 좋아요,0
658e88b78296dcbda3c5f7ca,[바른식] 부산 조방낙지 낙곱새 (2인분),김**,[바른식] 부산 조방낙지 낙곱새 (2인분),2023.12.28,N번째 주문 역시나 맛있습니다. 강추강추,0
658e88b78296dcbda3c5f7cb,[바른식] 부산 조방낙지 낙곱새 (2인분),지**,[바른식] 부산 조방낙지 낙곱새 (2인분),2023.12.28,맛있어서 재구매해요 ,0
658e88b78296dcbda3c5f7cc,[바른식] 부산 조방낙지 낙곱새 (2인분),김**,[바른식] 부산 조방낙지 낙곱새 (2인분),2023.12.28,애들이 맛있데요\n재구매햇어요 ,0
658e88b78296dcbda3c5f7cd,[바른식] 부산 조방낙지 낙곱새 (2인분),장**,[바른식] 부산 조방낙지 낙곱새 (2인분),2023.12.28,맛있는제품  잘 받았습니다,0
658e88b78296dcbda3c5f7ce,[바른식] 부산 조방낙지 낙곱새 (2인분),이**,[바른식] 부산 조방낙지 낙곱새 (2인분),2023.12.28,좋아요. 재구매합니다!,0
658e88b78296dcbda3c5f7cf,[바른식] 부산 조방낙지 낙곱새 (2인분),쌔*,[바른식] 부산 조방낙지 낙곱새 (2인분),2023.12.27,제 입맛엔 대창이 좀 느끼했어요 소스은 맛있어요\n담엔 낙지 새우만있는 낙.새를 찾아서 주문해야겠어요,0
658e88b78296dcbda3c5f7d0,[바른식] 부산 조방낙지 낙곱새 (2인분),김**,[바른식] 부산 조방낙지 낙곱새 (2인분),2023.12.27,시부모님 보내드렸어요\n 맛있게 드셨다네요,0
658e88b78296dcbda3c5f7d1,[바른식] 부산 조방낙지 낙곱새 (2인분),최**,[바른식] 부산 조방낙지 낙곱새 (2인분),2023.12.27,맛있어요! 좀 더 매워도 맛있을 것 같아요ㅋㅋ,0
658e88b78296dcbda3c5f7d2,[바른식] 부산 조방낙지 낙곱새 (2인분),김**,[바른식] 부산 조방낙지 낙곱새 (2인분),2023.12.27,맛있게 먹고 재구매 했습니다^^,0
658e88b78296dcbda3c5f7d3,[바른식] 부산 조방낙지 낙곱새 (2인분),이**,[바른식] 부산 조방낙지 낙곱새 (2인분),2023.12.27,맛있어요 또 구매할 것 같아요 재구매 의사 있음 !,0
658e88ba8296dcbda3c5f7d4,[비비고] 순살고등어구이 60g,권**,[비비고] 순살고등어구이 60G,2022.08.13,"완전 편한 생선구이 비비고 순살 고등어 구이~  생선구이를 너무 너무 좋아하고 특히 고등어를 좋아하는데요. \n집에서는 쉽게 해먹을 수가 없어요^^;  냄새와 연기때문에  먹고싶어도 정말 망설이게 되죠..ㅠㅠ\n그런 고민을 한방에 해결해주는! 주부들의 마음을 헤아려 주는! 고등어 구이가 있어서 구매해봤어요.\n\n조리과정이 쉬운데  맛이나 질적인면이 떨어지면 어떡하나 했는데. 맛도 너무 좋고 고등어 살이 쫄깃하고 녹아내림없이 정말 살은 살아있어서 너무 좋았어요.\n\n전자레인지로 1분 돌려도 되지만, 저는 식판에 밥이랑 반찬 담는 동안 에어프라이어 5분 돌렸어요. 눅눅함 없이 너무 맛있게 구워졌어요^^\n저는 양파간장절임을 살짝 올려 주었는데, 고등어 고이랑 너무 잘 어울렸습니다. \n\n고등어구이 자체가 많이 짜지 않아서 아이들이 먹기에도 좋고. 특히 가시가 없어서 너무너무 짱 좋았습니다^-^   \n다이어트 식사에도 영양가 높여 주는 반찬으로 먹어도 좋을것 같아요.\n이제  집에서 생선구이 걱정안해도 될것 같아요. 너무 괜찮아서 냉장고에 쟁여놔야겠습니당~!",90
658e88ba8296dcbda3c5f7d5,[비비고] 순살고등어구이 60g,정**,[비비고] 순살고등어구이 60g,2023.12.29,고등어구이 맛있습니다,0
658e88bb8296dcbda3c5f7d6,[비비고] 순살고등어구이 60g,황**,[비비고] 순살고등어구이 60g,2023.12.29,팬에 구워먹음 더 맛나요~~~간편하게,0
658e88bb8296dcbda3c5f7d7,[비비고] 순살고등어구이 60g,김**,[비비고] 순살고등어구이 60g,2023.12.29,아이들 간편하게 조리해줄 수 있어서 좋아요,0
658e88bb8296dcbda3c5f7d8,[비비고] 순살고등어구이 60g,허**,[비비고] 순살고등어구이 60g,2023.12.29,재구매했어요 ~~~ㅔ,0
658e88bb8296dcbda3c5f7d9,[비비고] 순살고등어구이 60g,쑥,[비비고] 순살고등어구이 60g,2023.12.29,간편하고 너무 맛있어요 가시없어서 너무 좋아요,0
658e88bb8296dcbda3c5f7da,[비비고] 순살고등어구이 60g,황**,[비비고] 순살고등어구이 60g,2023.12.29,간편해서 종종 시켜먹어요,0
658e88bb8296dcbda3c5f7db,[비비고] 순살고등어구이 60g,최**,[비비고] 순살고등어구이 60g,2023.12.29,맛잇습니다 간편해서 좋아요 추천합니당 굿,0
658e88bb8296dcbda3c5f7dc,[비비고] 순살고등어구이 60g,서**,[비비고] 순살고등어구이 60g,2023.12.29,냄새안나고 간편하고 좋아요,0
658e88bb8296dcbda3c5f7dd,[비비고] 순살고등어구이 60g,임**,[비비고] 순살고등어구이 60g,2023.12.29,이게\n제일\n맛있어요 ㅇ,0
658e88bc8296dcbda3c5f7de,[비비고] 순살고등어구이 60g,윤**,[비비고] 순살고등어구이 60g,2023.12.29,간편하게 먹기 좋아요,0
658e88bc8296dcbda3c5f7df,[비비고] 순살고등어구이 60g,강**,[비비고] 순살고등어구이 60g,2023.12.29,간편하고 맛있습니다 ,0
658e88bc8296dcbda3c5f7e0,[비비고] 순살고등어구이 60g,정**,[비비고] 순살고등어구이 60g,2023.12.29,고등어덮밥 해먹으려고 샀는데 뼈도 없고 비린내도 안나고 간편해서 너무 좋아요!,0
658e88bc8296dcbda3c5f7e1,[비비고] 순살고등어구이 60g,장**,[비비고] 순살고등어구이 60g,2023.12.29,비비고 생선구이 중에 제일 맛나요.,0
658e88bc8296dcbda3c5f7e2,[비비고] 순살고등어구이 60g,이**,[비비고] 순살고등어구이 60g,2023.12.29,크기는작지만 냄새없이먹을수있음,0
658e88bc8296dcbda3c5f7e3,[비비고] 순살고등어구이 60g,한**,[비비고] 순살고등어구이 60g,2023.12.29,간편하고 맛있어서 자주 먹어요!!!^^,0
658e88bc8296dcbda3c5f7e4,[비비고] 순살고등어구이 60g,전**,[비비고] 순살고등어구이 60g,2023.12.29,밥 반찬용으로 편합니다. 자주 애용,0
658e88bc8296dcbda3c5f7e5,[비비고] 순살고등어구이 60g,다*,[비비고] 순살고등어구이 60g,2023.12.29,단백질섭취로 하려고 간편하게 샀어요,0
658e88bc8296dcbda3c5f7e6,[비비고] 순살고등어구이 60g,이**,[비비고] 순살고등어구이 60g,2023.12.29,간편해서 좋아요 가격이 조금만 저렴하면 좋을 것 같아요,0
658e88bc8296dcbda3c5f7e7,[비비고] 순살고등어구이 60g,권**,[비비고] 순살고등어구이 60g,2023.12.29,간편하게 먹을수 있어서 좋았습니다 ㅎㅎ,0
658e88be8296dcbda3c5f7e8,[비비고] 순살고등어구이 60g,최**,[비비고] 순살고등어구이 60g,2023.12.29,가격이 좀 비싸긴하지만 간편하게 먹기 좋고 맛도 맛있어요,0
658e88be8296dcbda3c5f7e9,[비비고] 순살고등어구이 60g,김**,[비비고] 순살고등어구이 60g,2023.12.29,가시가 완전히 없는 건 아니지만 살 통통하고 꽤 먹을 만 해요.,0
658e88be8296dcbda3c5f7ea,[비비고] 순살고등어구이 60g,신**,[비비고] 순살고등어구이 60g,2023.12.29,고등어 세일해서 구매 괜찮아요,0
658e88be8296dcbda3c5f7eb,[비비고] 순살고등어구이 60g,정**,[비비고] 순살고등어구이 60g,2023.12.29,아이와 함께하는 반찬에 비상반찬입니다,0
658e88be8296dcbda3c5f7ec,[비비고] 순살고등어구이 60g,김**,[비비고] 순살고등어구이 60g,2023.12.29,생각보다 너무 작아요.,0
658e88be8296dcbda3c5f7ed,[비비고] 순살고등어구이 60g,이**,[비비고] 순살고등어구이 60g,2023.12.29,순살이라 먹기편하고 조리도 간편,0
658e88be8296dcbda3c5f7ee,[비비고] 순살고등어구이 60g,박**,[비비고] 순살고등어구이 60g,2023.12.29,간편하게 먹기 좋너요,0
658e88be8296dcbda3c5f7ef,[비비고] 순살고등어구이 60g,이**,[비비고] 순살고등어구이 60g,2023.12.29,순살이라 먹이 편해요~,0
658e88be8296dcbda3c5f7f0,[비비고] 순살고등어구이 60g,김**,[비비고] 순살고등어구이 60g,2023.12.29,전자레인지에 데워만 먹으면 되니 너무 간편하게 생선을 먹을 수 있어서 좋아요,0
658e88be8296dcbda3c5f7f1,[비비고] 순살고등어구이 60g,배**,[비비고] 순살고등어구이 60g,2023.12.29,가시 잇능거 너무 싫은데 순살이라 좋아용!,0
658e88c48296dcbda3c5f7f2,감홍 사과 1.3kg (4~6입),신**,감홍 사과 1.3kg (4~6입),2022.11.13,감홍사과 너무 좋아요!\n과일 좋아하지만 사과는 그냥 흔한? 과일이라고 생각해서 디저트로 만든거나 뭔가 조리를 한 걸 좋아하는데\n이 사과는 그냥 자체만 먹어야해요. \n\n땅콩버터에 찍어먹으려고 산건데\n몇 번 먹어보곤 그냥 사과만 먹고 있어요. \n\n정말 아삭! 한 느낌이고\n한입한입 베어물면 과즙이 엄청 나오는데\n사과는 분명 사과인데.. 정말 한끗차이로 다른 맛이거든요? 엄청 고급스러운 사과맛인데..\n설명하기가 힘들어요. \n그냥 먹어보세요ㅠㅠ 홍로랑은 또 다른 맛\n\n감홍때문에 사과품종별로 먹고 싶어졌어요.\n품종마다 맛이 극명하게 다른 거 너무 좋아요!,22
658e88c48296dcbda3c5f7f3,감홍 사과 1.3kg (4~6입),구**,감홍 사과 1.3kg (4~6입),2023.12.29,너무너무너무 맛있어요\n비싸긴하지만 ㅎ,0
658e88c48296dcbda3c5f7f4,감홍 사과 1.3kg (4~6입),주*,감홍 사과 1.3kg (4~6입),2023.12.29,가격대비 괜찮은 ㅡㄱ늧ㅌㅈ,0
658e88c48296dcbda3c5f7f5,감홍 사과 1.3kg (4~6입),김**,감홍 사과 1.3kg (4~6입),2023.12.29,싱싱한데 그리 달콤하진 않음,0
658e88c48296dcbda3c5f7f6,감홍 사과 1.3kg (4~6입),s*******,감홍 사과 1.3kg (4~6입),2023.12.29,아주 달고 싱싱한 사과입니다.,0
658e88c48296dcbda3c5f7f7,감홍 사과 1.3kg (4~6입),e******,감홍 사과 1.3kg (4~6입),2023.12.29,맛있는 음식 많이 먹고 있어 믿는 브랜드 ,0
658e88c48296dcbda3c5f7f8,감홍 사과 1.3kg (4~6입),박**,감홍 사과 1.3kg (4~6입),2023.12.28,"저장된 사과인데, 신선합니다",0
658e88c48296dcbda3c5f7f9,감홍 사과 1.3kg (4~6입),박**,감홍 사과 1.3kg (4~6입),2023.12.28,사과 맛있네요 감홍사과 맛이에요 신선한 것들로 보내주셨어요~,1
658e88c48296dcbda3c5f7fa,감홍 사과 1.3kg (4~6입),박**,감홍 사과 1.3kg (4~6입),2023.12.28,"사과는 감홍, 딸기는 금실! 제 최애 입니다. 둘다 컬리 구매~",1
658e88c48296dcbda3c5f7fb,감홍 사과 1.3kg (4~6입),채**,감홍 사과 1.3kg (4~6입),2023.12.28,평범한  맛이지요   푸석한맛이   덜해서  사네요,0
658e88c58296dcbda3c5f7fc,감홍 사과 1.3kg (4~6입),김**,감홍 사과 1.3kg (4~6입),2023.12.28,유명산지 제품 먹다가 \n처음 구매해봤는데 \n가격에 비해 맛은 따라가지 못해서 아쉽네요\n재구매 의사는 없어요 ,0
658e88c58296dcbda3c5f7fd,감홍 사과 1.3kg (4~6입),김**,감홍 사과 1.3kg (4~6입),2023.12.27,생각보다 맛있어요 푸석거리는거도 있고 아삭한거도 있어요 ,0
658e88c58296dcbda3c5f7fe,감홍 사과 1.3kg (4~6입),유**,감홍 사과 1.3kg (4~6입),2023.12.27,문경 사과축제 갔을때 너무 비싸서 못 샀는데 컬리에서 \n적당한가격에 구매해봤어요\n딱딱하니 맛있어요,0
658e88c58296dcbda3c5f7ff,감홍 사과 1.3kg (4~6입),배**,감홍 사과 1.3kg (4~6입),2023.12.27,너무 맛있어요 새콤 달콤 최고입니다,0
658e88c58296dcbda3c5f800,감홍 사과 1.3kg (4~6입),김**,감홍 사과 1.3kg (4~6입),2023.12.27,아삭한 식감도 좋고 맛있어요 ,0
658e88c58296dcbda3c5f801,감홍 사과 1.3kg (4~6입),최**,감홍 사과 1.3kg (4~6입),2023.12.26,진짜 맛있어요.요즘 사과 맛없었는데 오랜만에 맛있게 먹었어요 ,0
658e88c68296dcbda3c5f802,감홍 사과 1.3kg (4~6입),안**,감홍 사과 1.3kg (4~6입),2023.12.26,감홍사과 제일 맛있어요,0
658e88c68296dcbda3c5f803,감홍 사과 1.3kg (4~6입),이**,감홍 사과 1.3kg (4~6입),2023.12.26,아삭하고 맛있어요 ,0
658e88c68296dcbda3c5f804,감홍 사과 1.3kg (4~6입),진**,감홍 사과 1.3kg (4~6입),2023.12.26,"너무 달콤하고 맛있는 사과, 껍질까지 아삭 하니 정말 맛있습니다.",0
658e88c68296dcbda3c5f805,감홍 사과 1.3kg (4~6입),김**,감홍 사과 1.3kg (4~6입),2023.12.26,"맛있어요 감홍사과,",0
658e88c78296dcbda3c5f806,감홍 사과 1.3kg (4~6입),하**,감홍 사과 1.3kg (4~6입),2023.12.26,작지만 향은 좋아요,0
658e88c78296dcbda3c5f807,감홍 사과 1.3kg (4~6입),김**,감홍 사과 1.3kg (4~6입),2023.12.26,가격이 조아 구매함ㅇㅇㅇ,0
658e88c78296dcbda3c5f808,감홍 사과 1.3kg (4~6입),김**,감홍 사과 1.3kg (4~6입),2023.12.26,가격이 조아 구매함,0
658e88c78296dcbda3c5f809,감홍 사과 1.3kg (4~6입),박**,감홍 사과 1.3kg (4~6입),2023.12.26,감홍 사과 맛있다고해서 주문\n해봅니다,0
658e88c78296dcbda3c5f80a,감홍 사과 1.3kg (4~6입),김**,감홍 사과 1.3kg (4~6입),2023.12.25,사과 단단하고 아삭한게 맛있어요!\n5개 들어있어요.,0
658e88c78296dcbda3c5f80b,감홍 사과 1.3kg (4~6입),장**,감홍 사과 1.3kg (4~6입),2023.12.25,감홍사과 맛있어요 살짝 마른감은 있어요,0
658e88c78296dcbda3c5f80c,감홍 사과 1.3kg (4~6입),강**,감홍 사과 1.3kg (4~6입),2023.12.25,감홍 사과가 이렇게 작은 것도 있나 싶네요.\n박스에 배랑 그냥 뒹굴고 있어요.\n\n마켓 컬리. 포장 좀 신경 쓰시죠?\n\n초기엔 과할 만큼이더니….\n초심을 버렸을까요?,1
658e88c78296dcbda3c5f80d,감홍 사과 1.3kg (4~6입),한**,감홍 사과 1.3kg (4~6입),2023.12.25,사과 상큼하고 맛있네요,0
658e88c78296dcbda3c5f80e,감홍 사과 1.3kg (4~6입),서**,감홍 사과 1.3kg (4~6입),2023.12.25,5개 들었으니 개당 4천원 남짓하네요\n가격대비 사이즈 맛 보통입니다\n2개는  푸석거리기까지....\n좀 실망스러웠습니다 ,0
658e88c78296dcbda3c5f80f,감홍 사과 1.3kg (4~6입),이**,감홍 사과 1.3kg (4~6입),2023.12.25,맛있을 것 같아요!!,0
658e88cb8296dcbda3c5f810,[최현석의 쵸이닷] 쉬림프 크림 파스타,송**,[최현석의 쵸이닷] 쉬림프 크림 파스타,2023.12.05,"믿고 먹는 최현석 쵸이닷!!\n뇨끼도 진짜 맛있게 먹었는데 쉬림프 크림 파스타도 배신하지 않네요 \n손님 접대용으로 굉장히 좋아요~~\n친한 언니 집들이 할 때 저녁 뭐 해줄까 하다가 \n이 밀키트 발견 했는데 후기 좋아서 구매했어요~\n\n그냥 크림 파스타가 아니라 \n새우도 올라가 있는 것 너무 맘에 들었고,\n파스타 소스 남는 거는 따로 보관해 놓았다가 \n새우 볶음밥 소스로 리조또 해서 먹으면 짱 맛있어요\n\n새우는 1번 씻어서 조리 해야 하는데 \n씻을 때 아예 꼬리 껍질도 까서 빼는 게 \n먹을 때 편하고 좋았던 거 같아요 ㅎㅎ\n새우가 또 통통 하니 아주 마음에 들어요 \n넉넉하게 들어 있어서 보기에도 예뻤고요\n\n손님도 굉장히 맛있다고 한그릇 뚝딱 해 버렸어요 ㅎㅎ 저는 없어서 못 했는데 위에 파마산 가루나 파송송 썰어서 데코 해 놓으면 더 예쁘고 맛있을 것 같아요 !\n\n들어있는 소스 로도 충분 했는데 \n여기서 더 깊은 맛을 원하시면 휘핑크림 작은거 구매해서 넣어도 좋을 것 같아요~~ ㅎㅎ 이 밀키트 덕분에 집들이 성공✌️✌️✌️ㅎㅎ",7
658e88cb8296dcbda3c5f811,[최현석의 쵸이닷] 쉬림프 크림 파스타,김**,[최현석의 쵸이닷] 쉬림프 크림 파스타,2023.02.17,"느끼한 크림이 유독 땡기는 그런 날이 있어요.\n그런 날을 위해 쵸이닷 쉬림프 크림 파스타를 주문해뒀었죠. \n그리고, 느끼느끼한 음식이 땡기던 날, 바로 만들어 먹었습니다.^^\n\n팬에 포도씨유 두르고, 양파와 버섯, 다진마늘, 그리고 패키지에 들어있던 새우를 깨끗이 씻고 꼬리를 떼어내고 함께 볶아주었어요.\n다른 냄비에는 면을 삶아서 건져두었어요. 팬에 볶던 재료들이 얼추 익어갈 때쯤 물 끓여서 면 삶으시면 시간이 잘 맞아요.^^\n\n채소와 새우를 볶아둔 팬에 면을 올리고, 크림소스를 부어주고, 약한 불에 저어가며 익혀주었어요.\n크림 소스를 자세히 보면, 빨강 작은 고추들이 보여요. 자칫하면 느끼해질 수 있음을 줄여주는 페퍼론치노예요.^^  이게 참 매력적이에요.\n아주 맵지는 않아서 초등학생 딸도 잘 먹더라고요.^^\n\n쵸이닷 장점은 생면을 써서 삶는 시간을 줄일 수 있다는 것이에요. 그리고, 드셔보시면 아시겠지만 모든 소스들이 하나같이 입에 착착 붙어요 ㅎㅎ 정말 중독성이 강합니다. 저희 딸이 주기적으로 찾을 정도이니까요.^^\n\n냉동실에 구비해뒀다가 크림파스타 땡길 때 하나씩 해 먹으면 정말 좋을 것 같아요. 재구매 당연히 하렵니다.^^\n\n아, 저희 딸이 그러는데 베이컨을 추가해서 넣으면 더 맛있을 것 같다고 하네요. 다음엔 그렇게 해먹어봐야겠어요!!\n\n글을 쓰는 지금도 또 먹고 싶네요.^^;;",17
658e88cb8296dcbda3c5f812,[최현석의 쵸이닷] 쉬림프 크림 파스타,윤**,[최현석의 쵸이닷] 쉬림프 크림 파스타,2023.01.06,간단한데 맛있는 크림 파스타!\n\n친구들이랑 연말 홈파티용으로 구매해서 맛있게 잘 먹었어요! 새우 알도 토실하고 갯수도 넉넉하게 들어있어서 “새우 먹었어? 난 괜찮아 너 먹어!” 이럴 필요없이 편안하게 먹었습니다ㅋㅋㅋ(새우갯수 적을때 뭔지 아시죠..?)\n\n너무 꾸덕하지 않으면서 너무 진하지도 않지만 밍밍하지도 않은..! 그 적당한 느낌의 크림 파스타를 찾았는데 딱 좋았어요. 누구나 좋아할만한 크림파슷하에요!\n\n다른 요리하고 마늘이 여분으로 좀 남아서 면 넣기 전 새우 볶으면서 슬라이스 된 마늘을 추가해서 먹었어요! (마늘 넣으면 더 맛있슴다.. k민족의 마늘 사랑..💓) 그릇에 예쁘게 담고 파슬리 솔솔 뿌려주면 파스타맛집 됩니다.ㅎㅎ\n\n이번 연말에 친구들이랑 홈파티하면서 항상 배달 음식만 먹다가 처음으로 요리해먹었는데 친구들이 너무 좋아했어요~! 컬리 덕분에 행복한 연말 보냈어요!\n실패없는 파스타 밀키트로 추천드려요~,13
658e88cb8296dcbda3c5f813,[최현석의 쵸이닷] 쉬림프 크림 파스타,박**,[최현석의 쵸이닷] 쉬림프 크림 파스타,2023.12.29,아직 맛을 못봐서.. 기대중입니다,0
658e88cb8296dcbda3c5f814,[최현석의 쵸이닷] 쉬림프 크림 파스타,최**,[최현석의 쵸이닷] 쉬림프 크림 파스타,2023.12.29,굿. 간편하게맛있게먹었어요,0
658e88cb8296dcbda3c5f815,[최현석의 쵸이닷] 쉬림프 크림 파스타,이**,[최현석의 쵸이닷] 쉬림프 크림 파스타,2023.12.29,맛있어요\n재구매하려구요~,0
658e88cb8296dcbda3c5f816,[최현석의 쵸이닷] 쉬림프 크림 파스타,김**,[최현석의 쵸이닷] 쉬림프 크림 파스타,2023.12.29,소스가 엄청 많길래 남은 밥 더 넣었더니\n금방 꾸덕해지면서 소스가 확 줄어서\n넘 빡빡해졌어요ㅠㅠ 유유\n맛은 엄청 맛있는데 그냥 들은거만\n넣어서 만들어야겠어요 ㅋㅋㅋ,0
658e88cb8296dcbda3c5f817,[최현석의 쵸이닷] 쉬림프 크림 파스타,양**,[최현석의 쵸이닷] 쉬림프 크림 파스타,2023.12.29,맛있습니다 믿고 먹을만해요!!,0
658e88cb8296dcbda3c5f818,[최현석의 쵸이닷] 쉬림프 크림 파스타,김**,[최현석의 쵸이닷] 쉬림프 크림 파스타,2023.12.29,크림파스타 좋아하는데 맛있네요!,0
658e88cb8296dcbda3c5f819,[최현석의 쵸이닷] 쉬림프 크림 파스타,배**,[최현석의 쵸이닷] 쉬림프 크림 파스타,2023.12.29,후기 좋아서 구매해 봅니다,0
658e88cc8296dcbda3c5f81a,[최현석의 쵸이닷] 쉬림프 크림 파스타,신**,[최현석의 쵸이닷] 쉬림프 크림 파스타,2023.12.29,맛있다고해서 구매 했어요,0
658e88cc8296dcbda3c5f81b,[최현석의 쵸이닷] 쉬림프 크림 파스타,유**,[최현석의 쵸이닷] 쉬림프 크림 파스타,2023.12.29,만들기도 쉽고 크림도 부드럽고 맛있었어요,0
658e88cc8296dcbda3c5f81c,[최현석의 쵸이닷] 쉬림프 크림 파스타,김**,[최현석의 쵸이닷] 쉬림프 크림 파스타,2023.12.28,"이거 존맛;;\n크림 파스타 먹고 싶을 때,\n번거롭게 재료 다 따로 살 필요 없이\n이것만 사서 재료 좀 추가해 먹어도 충분할 듯!",0
658e88cc8296dcbda3c5f81d,[최현석의 쵸이닷] 쉬림프 크림 파스타,김**,[최현석의 쵸이닷] 쉬림프 크림 파스타,2023.12.28,맛있게 잘 먹었습니당 ,0
658e88cc8296dcbda3c5f81e,[최현석의 쵸이닷] 쉬림프 크림 파스타,용**,[최현석의 쵸이닷] 쉬림프 크림 파스타,2023.12.28,딸래미가 좋아해서 샀어요.\n맛있어요!,0
658e88cc8296dcbda3c5f81f,[최현석의 쵸이닷] 쉬림프 크림 파스타,최**,[최현석의 쵸이닷] 쉬림프 크림 파스타,2023.12.28,느끼하지않고 면도 오래둬도 쫄깃하더라구요\n신랑이 반함ㅋㅋ,0
658e88cd8296dcbda3c5f820,[최현석의 쵸이닷] 쉬림프 크림 파스타,고**,[최현석의 쵸이닷] 쉬림프 크림 파스타,2023.12.28,다른 제품 먹어보고 괜찮아서 주문해봤어요,0
658e88cd8296dcbda3c5f821,[최현석의 쵸이닷] 쉬림프 크림 파스타,홍**,[최현석의 쵸이닷] 쉬림프 크림 파스타,2023.12.28,적당히 맛있어요\n양은작아요,0
658e88cd8296dcbda3c5f822,[최현석의 쵸이닷] 쉬림프 크림 파스타,최**,[최현석의 쵸이닷] 쉬림프 크림 파스타,2023.12.28,항상먹던거라~크림 싫어하는데 청양고추넣어서 먹으면 젤로맛있어요^^,0
658e88cd8296dcbda3c5f823,[최현석의 쵸이닷] 쉬림프 크림 파스타,양**,[최현석의 쵸이닷] 쉬림프 크림 파스타,2023.12.28,너무 맛있게 먹었어요 ! 생면 별로 안 좋아하는데 거부감 없이 맛있게 먹었습니다 :) 양은 적은 것 같아요 ..! ,0
658e88ce8296dcbda3c5f824,[최현석의 쵸이닷] 쉬림프 크림 파스타,김**,[최현석의 쵸이닷] 쉬림프 크림 파스타,2023.12.28,고소하니 맛있어요 ,0
658e88ce8296dcbda3c5f825,[최현석의 쵸이닷] 쉬림프 크림 파스타,임**,[최현석의 쵸이닷] 쉬림프 크림 파스타,2023.12.28,재구매 여러번했어요. 아이가 넘 좋아해요 ,0
658e88ce8296dcbda3c5f826,[최현석의 쵸이닷] 쉬림프 크림 파스타,황**,[최현석의 쵸이닷] 쉬림프 크림 파스타,2023.12.28,세일하길래 구매했어요,0
658e88ce8296dcbda3c5f827,[최현석의 쵸이닷] 쉬림프 크림 파스타,라*,[최현석의 쵸이닷] 쉬림프 크림 파스타,2023.12.28,뭔가 라면같은 느낌이랄까ㅠ 소스는 맛있었어요..,0
658e88ce8296dcbda3c5f828,[최현석의 쵸이닷] 쉬림프 크림 파스타,송**,[최현석의 쵸이닷] 쉬림프 크림 파스타,2023.12.28,저번에 먹었을때 맛있어서 재구매,0
658e88ce8296dcbda3c5f829,[최현석의 쵸이닷] 쉬림프 크림 파스타,권**,[최현석의 쵸이닷] 쉬림프 크림 파스타,2023.12.27,맛잇어요 빵에 얹어 먹어도 맛있어요,0
658e88ce8296dcbda3c5f82a,[최현석의 쵸이닷] 쉬림프 크림 파스타,이**,[최현석의 쵸이닷] 쉬림프 크림 파스타,2023.12.26,재구매한 아이템이예요. 크림도 맛나고 생면인 것도 좋아요:),0
658e88ce8296dcbda3c5f82b,[최현석의 쵸이닷] 쉬림프 크림 파스타,이**,[최현석의 쵸이닷] 쉬림프 크림 파스타,2023.12.26,아 이거 맛있어서\n종종주문,0
658e88ce8296dcbda3c5f82c,[최현석의 쵸이닷] 쉬림프 크림 파스타,백**,[최현석의 쵸이닷] 쉬림프 크림 파스타,2023.12.26,너어어무 맛있어요ㅜㅜ먹어본 크림 파스타 중에 제일 맛있어요. 완전 강추입니다!!,0
658e88ce8296dcbda3c5f82d,[최현석의 쵸이닷] 쉬림프 크림 파스타,정**,[최현석의 쵸이닷] 쉬림프 크림 파스타,2023.12.26,크림파스타 은근히 매콤해서 더욱 맛있어요,0
658e88d28296dcbda3c5f82e,[더플랜] 목련 어묵 우동 3종 (1인분/2인분)(택1),이**,[더플랜] 목련 어묵채 우동 (2인분),2023.12.15,"친구가 추천해줘서 주문해 보았어요.\n\n지금까지 사먹은 밀키트 우동 중에 입맛에 딱 맞는 우동입니다.\n국물이 끝내줘요^^  🥣\n\n구성은 사누끼우동면 230g, 어묵채, 건더기스프, 액상스프가 1인분씩 따로 포장되어 들어있어요.\n\n조립법은 🥢\n1. 냄비에 물 500ml~550ml 를 넣고\n     끓여주세요.\n2. 물이 끓어오르면 소스와 냉동상태의\n    어묵을 넣고 3~4분 정도 끓여주세요.\n3. 냉동 상태의 사누끼 우동면을 넣고\n     2분 정도 더 끓여주세요.\n4. 조리된 우동을 그릇에 담은 후 건더기\n    스프를 뿌려줍니다.\n● 팁. 기호에 따라 배추, 대파, 청양고추, 청경채 등을 넣어 끓이면 풍성한 한 그릇을 완성할 수 있어요.\n\n초 간단이죠!  👍\n해동 필요없고 물 올리고 소스와 어묵 넣고 끓이다가 면 넣으면 끝인거죠.\n\n저는 새송이버섯을 어묵채 두께처럼 길쭉하게 자르고 청경채를 같이 넣어서 끓였어요.\n\n아들이 면러버여서 주로 점심은 면을 먹는데 간편하면서도 맛있어서 대만족이네요. 😍\n간장계란밥과 같이 한끼 든든하게 먹었어요^^\n\n맛있는 우동의 아는 맛이랍니다.\n싱겁지 않고 진한 국물 맛과 어묵채의 식감이 잘 어우러지는 목련채 어묵 우동에 저는 정착하렵니다^^",0
658e88d28296dcbda3c5f82f,[더플랜] 목련 어묵 우동 3종 (1인분/2인분)(택1),신**,[더플랜] 목련 고추어묵 우동 (2인분),2023.10.17,"우동 종류가 너무 많아서 고민하다\n어묵이 실하고 면발이 평이 좋아 이것부터 구매.\n\n간장베이스 육수 안 좋아해서\n이 구성대로만 먹었다면 재구매 안 했을 건데,\n< 청양고추, 대파, 표고버섯 > 추가해서\n 잘익은 김치와 얼큰,시원하게 잘 먹었어요.\n\n-조리법 설명이 면, 겉포장지가 달라요.\n번거롭지만 면의 탱글함을 중요시해서\n따로 끓는 물에 풀어주고 찬물로 헹궈서 \n육수 부었어요~\n이정도 탱글함이면 반조리치고 만족이요~\n\n어묵은 삼진이나 고래사, 와카메 등만 먹는데\n여기 어묵 인정~ 완전 탱글하니 맛나요 ㅎㅎ\n\n다른 것도 사먹어볼거지만 이것도 재구매 의사 있어요.",8
658e88d28296dcbda3c5f830,[더플랜] 목련 어묵 우동 3종 (1인분/2인분)(택1),김**,[더플랜] 목련 고추어묵 우동,2022.04.04,"가격 : 할인가 개당 3,720원 (2개 이상 구입 필수)\n양 : 1인분으로 평범한 양, 점심에 먹는 것을 추천\n조리시간 및 난이도 : 약 7분, 라면 끓이는 수준의 난이도\n평가 : 시중에 파는 우동이 2천원대라는 점을 비교하면 3천원대로 나름 고급형 우동을 집에서 편하게 먹을 수 있어요. 어묵 사이즈는 여성 손바닥 정도이고, 한장 크게 들어가있어서 먹으면서 잘라 먹거나 베어 먹으면 됩니다. 국물과 어묵이 맛있어서 우동면 하나도 남기지 않고 다 먹었어요. 고추우동이라서 살짝 매콤한가 했는데 전혀 맵지 않고 칼칼함도 없이 시원하고 짭쫄한 맛입니다. 조리 방법은 뒷면에 상세하게 나와있어서 라면 끓일 줄 아는 분들이면 쉽게 따라할 수 있을거에요. 저는 설명서에 다른 채소와 함께 끓이면 더 맛있다고 하여 알배기배추 작은 거 추가해줬더니 씹는 맛이 일품이네요. 냉장고에 남는 채소 있으면 같이 끓이시는 것 추천! 맛있게 잘 먹었습니다 :)",160
658e88d28296dcbda3c5f831,[더플랜] 목련 어묵 우동 3종 (1인분/2인분)(택1),양**,[더플랜] 목련 고추어묵 우동 (2인분),2023.12.29,냉동실에 없으면 안되는 남편 최애우동!^^,0
658e88d28296dcbda3c5f832,[더플랜] 목련 어묵 우동 3종 (1인분/2인분)(택1),김**,[더플랜] 목련 어묵채 우동 (2인분),2023.12.29,젤 맛나는 우동인듯\n쟁여놔여,0
658e88d28296dcbda3c5f833,[더플랜] 목련 어묵 우동 3종 (1인분/2인분)(택1),김**,[더플랜] 목련 어묵채 우동 (2인분),2023.12.29,늘  하나씩 꼭사는것같아요ㅋㅋ쫄깃한면발이 맛있어요ㅋ,0
658e88d28296dcbda3c5f834,[더플랜] 목련 어묵 우동 3종 (1인분/2인분)(택1),김**,[더플랜] 목련 어묵채 우동,2023.12.29,여러번 구매해서 먹는 우동이에요 맛있어요,0
658e88d28296dcbda3c5f835,[더플랜] 목련 어묵 우동 3종 (1인분/2인분)(택1),김**,[더플랜] 유부채 얼큰 우동 (2인분),2023.12.29,유부채 얼큰우동 너무 맛있어요^^\n자주 주문해요,0
658e88d28296dcbda3c5f836,[더플랜] 목련 어묵 우동 3종 (1인분/2인분)(택1),전**,[더플랜] 목련 어묵채 우동 (2인분),2023.12.29,맛있어요~국물도 깔끔합니다.,0
658e88d28296dcbda3c5f837,[더플랜] 목련 어묵 우동 3종 (1인분/2인분)(택1),최**,[더플랜] 목련 어묵채 우동 (2인분),2023.12.29,장바구니에 넣고 항상 구매하는 제품이에요,0
658e88d38296dcbda3c5f838,[더플랜] 목련 어묵 우동 3종 (1인분/2인분)(택1),최**,[더플랜] 목련 어묵채 우동 (2인분),2023.12.29,장바구니 품목에서 빠지지 않고 구매하는 제품입니다,0
658e88d38296dcbda3c5f839,[더플랜] 목련 어묵 우동 3종 (1인분/2인분)(택1),강**,[더플랜] 목련 어묵채 우동,2023.12.29,국물도 면도 그냥 쏘쏘,0
658e88d38296dcbda3c5f83a,[더플랜] 목련 어묵 우동 3종 (1인분/2인분)(택1),임**,[더플랜] 목련 유부채 얼큰 우동,2023.12.29,배송도 너무 빠르고 간단하게 먹기 좋아요 ㅎㅎㅎ,0
658e88d38296dcbda3c5f83b,[더플랜] 목련 어묵 우동 3종 (1인분/2인분)(택1),임**,[더플랜] 목련 어묵채 우동,2023.12.29,배송도 너무 빠르고 간단하게 먹기 좋아영,0
658e88d48296dcbda3c5f83c,[더플랜] 목련 어묵 우동 3종 (1인분/2인분)(택1),이*,[더플랜] 목련 어묵채 우동 (2인분),2023.12.28,뜨끈한 국물이 생각날때 좋아요~~,0
658e88d48296dcbda3c5f83d,[더플랜] 목련 어묵 우동 3종 (1인분/2인분)(택1),최**,[더플랜] 목련 어묵채 우동,2023.12.28,따끈하게 먹음넘 좋아요..,0
658e88d48296dcbda3c5f83e,[더플랜] 목련 어묵 우동 3종 (1인분/2인분)(택1),박**,[더플랜] 목련 어묵채 우동 (2인분),2023.12.28,감사합니다! 궁금해요,0
658e88d48296dcbda3c5f83f,[더플랜] 목련 어묵 우동 3종 (1인분/2인분)(택1),강**,[더플랜] 목련 유부채 얼큰 우동,2023.12.28,겨울철 간식으로도 나쁘지 않아요 ,0
658e88d48296dcbda3c5f840,[더플랜] 목련 어묵 우동 3종 (1인분/2인분)(택1),전**,[더플랜] 목련 어묵채 우동 (2인분),2023.12.28,자주 구매해서 먹는 맛있는 우동,0
658e88d48296dcbda3c5f841,[더플랜] 목련 어묵 우동 3종 (1인분/2인분)(택1),이**,[더플랜] 목련 어묵채 우동 (2인분),2023.12.28,맛잇어서 계속 재구매햇던 제품이에요ㅔ,0
658e88d58296dcbda3c5f842,[더플랜] 목련 어묵 우동 3종 (1인분/2인분)(택1),김**,[더플랜] 목련 어묵채 우동,2023.12.28,좋아요 잘 받았어요~~~~~~~~~,0
658e88d58296dcbda3c5f843,[더플랜] 목련 어묵 우동 3종 (1인분/2인분)(택1),박**,[더플랜] 목련 고추어묵 우동 (2인분),2023.12.28,맛있는 우동 면발 국물이 끝내줘요 ,0
658e88d58296dcbda3c5f844,[더플랜] 목련 어묵 우동 3종 (1인분/2인분)(택1),유**,[더플랜] 목련 어묵채 우동,2023.12.28,간편하고 맛있습니다,0
658e88d58296dcbda3c5f845,[더플랜] 목련 어묵 우동 3종 (1인분/2인분)(택1),유**,[더플랜] 목련 유부채 얼큰 우동,2023.12.28,간편하고 좋습니다. ,0
658e88d58296dcbda3c5f846,[더플랜] 목련 어묵 우동 3종 (1인분/2인분)(택1),김**,[더플랜] 목련 고추어묵 우동 (2인분),2023.12.28,우동중에 제일 맛있어요 ,0
658e88d58296dcbda3c5f847,[더플랜] 목련 어묵 우동 3종 (1인분/2인분)(택1),김**,[더플랜] 유부채 얼큰 우동 (2인분),2023.12.28,늘 주문하는 우동이에요 좋아하는 면이라 자주시킵니다,0
658e88d58296dcbda3c5f848,[더플랜] 목련 어묵 우동 3종 (1인분/2인분)(택1),김**,[더플랜] 유부채 얼큰 우동 (2인분),2023.12.28,면이쪽득해서  국물도 시원하구  계속 주문하는얼큰우동 ,0
658e88d58296dcbda3c5f849,[더플랜] 목련 어묵 우동 3종 (1인분/2인분)(택1),김**,[더플랜] 목련 어묵채 우동,2023.12.28,아이랑 먹기 좋아서 자주 재구매하는 제품이에요 간단한 한끼로 겨울에 특히 좋아요,0
658e88d58296dcbda3c5f84a,[더플랜] 목련 어묵 우동 3종 (1인분/2인분)(택1),오**,[더플랜] 유부채 얼큰 우동 (2인분),2023.12.28,유부채는 첫 구매인데 기대기대,0
658e88d58296dcbda3c5f84b,[더플랜] 목련 어묵 우동 3종 (1인분/2인분)(택1),오**,[더플랜] 목련 유부채 얼큰 우동,2023.12.28,유부는 처음! 더플랜 어묵우동은 믿먹!,0
658e88db8296dcbda3c5f84c,[프레시지] 바질크림빠네파스타,l***,[프레시지] 바질크림빠네파스타,2022.08.28,빠네 파스타가 넘 먹고싶어서\n컬리에 찾아봤더니\n요 바질크림빠네파스타가 딱 하나잇도러규요!!!\n냉장이라 신선하고\n빵도 엄청 커서 세명이서 요리 몇개해서 나눠먹었어요~!!\n\n파스타면도 딱 알맞고\n소스부터 양념 빵 오일 재료 하나하나 다있어서\n진짜 별도 준비한게 없답니다!!!             \n존쿡 브로첸이랑 잘 어울리더라구오 ㅎㅎ\n샐러드는 오든든 샐러드!!\n바질은 기호에 따라 넣으시면 될듯!!\n까르보 빠네 많이 오프냏주새요 ㅠㅠㅠ\n자주 먹고싶어용\n하튼 프레시지 빠네 파스타 존맛탱구리입니다 ㅜ!!\n\n\n\n\n\n     ෆ ღ.        \n.,13
658e88db8296dcbda3c5f84d,[프레시지] 바질크림빠네파스타,김**,[프레시지] 바질크림빠네파스타,2023.12.29,맛있어요.\n아이들밥으로좋아요,0
658e88db8296dcbda3c5f84e,[프레시지] 바질크림빠네파스타,서**,[프레시지] 바질크림빠네파스타,2023.12.29,바질향은 심하게 안 나고 은은하게 나서 부담없이 먹을수 있어 좋았어요! 원래 크림파스타를 느끼해서 잘 못먹었는데 느끼하지도 않고 느끼함을 바질이 잡아줘서 좋았어요 엄청 맛있어요 ㅠ 파스타 안 남기고 먹은적은 처음… 피클없이도 먹은적도 처음…….. 재규매의사 완전있어요😍,0
658e88db8296dcbda3c5f84f,[프레시지] 바질크림빠네파스타,유**,[프레시지] 바질크림빠네파스타,2023.12.29,우리 아들이 직접 요리해 준 파스타네요. ㅎㅎ 고등학생도 쉽게 간단히 하고. 편하고 무엇보다 맛있습니다.,0
658e88db8296dcbda3c5f850,[프레시지] 바질크림빠네파스타,오**,[프레시지] 바질크림빠네파스타,2023.12.29,2인분 적당했어요!\n요리도 쉽고 맛있어요!,0
658e88db8296dcbda3c5f851,[프레시지] 바질크림빠네파스타,이**,[프레시지] 바질크림빠네파스타,2023.12.29,"바질 크림차스타..크리스마스 때\n해주었는데,딸램이들 다 잘먹었네요",0
658e88db8296dcbda3c5f852,[프레시지] 바질크림빠네파스타,최**,[프레시지] 바질크림빠네파스타,2023.12.29,3일남은거보내셧네?,0
658e88db8296dcbda3c5f853,[프레시지] 바질크림빠네파스타,김**,[프레시지] 바질크림빠네파스타,2023.12.29,기대이상으로 빵이 크고 내용물도 좋아요\n아직 먹기전이라 기대됩니다,0
658e88db8296dcbda3c5f854,[프레시지] 바질크림빠네파스타,허**,[프레시지] 바질크림빠네파스타,2023.12.29,아직 시식전이에요 맛있겠죠,0
658e88db8296dcbda3c5f855,[프레시지] 바질크림빠네파스타,이**,[프레시지] 바질크림빠네파스타,2023.12.29,생각보다 양이 많아요.  조리하고 최대한 빨리 먹는게 좋겠어요...시간지나니 불어서요...ㅎㅎ,0
658e88dc8296dcbda3c5f856,[프레시지] 바질크림빠네파스타,강**,[프레시지] 바질크림빠네파스타,2023.12.29,소스도 넉넉하고 맛있어요. ,0
658e88dd8296dcbda3c5f857,[프레시지] 바질크림빠네파스타,김**,[프레시지] 바질크림빠네파스타,2023.12.29,산뜻한 바질과 부드러운 크림의 조화라 맛있습니다.,0
658e88dd8296dcbda3c5f858,[프레시지] 바질크림빠네파스타,유**,[프레시지] 바질크림빠네파스타,2023.12.29,2인분인거 모르고 아침에 해서.... 파스타만 다먹어도 배터져요,0
658e88dd8296dcbda3c5f859,[프레시지] 바질크림빠네파스타,신**,[프레시지] 바질크림빠네파스타,2023.12.28,아직먹기전. 빠네좋아하는 울아들,0
658e88dd8296dcbda3c5f85a,[프레시지] 바질크림빠네파스타,김**,[프레시지] 바질크림빠네파스타,2023.12.28,좋아요 간편해서 구매합니다 ,0
658e88dd8296dcbda3c5f85b,[프레시지] 바질크림빠네파스타,최**,[프레시지] 바질크림빠네파스타,2023.12.28,파스타양보고 두 명 먹기 적겠다 싶었는데 충분했어요. 면삶고 야채볶고 뭔가 일이 많네요. ,1
658e88dd8296dcbda3c5f85c,[프레시지] 바질크림빠네파스타,장**,[프레시지] 바질크림빠네파스타,2023.12.28,간단하고 맛있습니다 아이가 바질을 안좋아해서 그냥 크림파스타로 먹었어요,0
658e88dd8296dcbda3c5f85d,[프레시지] 바질크림빠네파스타,이**,[프레시지] 바질크림빠네파스타,2023.12.28,후기들 괜찮길래 주문,0
658e88dd8296dcbda3c5f85e,[프레시지] 바질크림빠네파스타,김**,[프레시지] 바질크림빠네파스타,2023.12.28,빵이 있어서 둘이서 배터지게 먹을 수 있어요 ㅎㅎ,0
658e88dd8296dcbda3c5f85f,[프레시지] 바질크림빠네파스타,최**,[프레시지] 바질크림빠네파스타,2023.12.28,애가 바질 싫대서.조금 나누고 했는데 바질이 왜있는지 깨달은 딸이에요^^,1
658e88de8296dcbda3c5f860,[프레시지] 바질크림빠네파스타,정**,[프레시지] 바질크림빠네파스타,2023.12.28,좀 번거롭긴했지만\n너무맛있대요 아이들이\n베이컨만 추가했어요,0
658e88de8296dcbda3c5f861,[프레시지] 바질크림빠네파스타,우**,[프레시지] 바질크림빠네파스타,2023.12.28,저렴하게 샀습니다. 대신 유통기한 3일 남은 상품,0
658e88de8296dcbda3c5f862,[프레시지] 바질크림빠네파스타,강**,[프레시지] 바질크림빠네파스타,2023.12.28,으흐흐 맛있겠다 내일 다같이 먹어야지,0
658e88de8296dcbda3c5f863,[프레시지] 바질크림빠네파스타,이**,[프레시지] 바질크림빠네파스타,2023.12.28,좋아요 많이 파세요 감사합니다 깔끔해요 맛이 좋습니다 ,0
658e88de8296dcbda3c5f864,[프레시지] 바질크림빠네파스타,정**,[프레시지] 바질크림빠네파스타,2023.12.28,파스타 전문점만큼 맛있어요\n간도 좋네요\n파스타면은 오십원짜리 동전만큼 추가했는데도 소스 넉넉해요,1
658e88de8296dcbda3c5f865,[프레시지] 바질크림빠네파스타,조**,[프레시지] 바질크림빠네파스타,2023.12.28,음.. 맛있는데 좀 짜요,0
658e88de8296dcbda3c5f866,[프레시지] 바질크림빠네파스타,최**,[프레시지] 바질크림빠네파스타,2023.12.28,크리스마스때 맛있게 먹었어요^^ \n만들기 쉽거 맛잇네요,0
658e88de8296dcbda3c5f867,[프레시지] 바질크림빠네파스타,최**,[프레시지] 바질크림빠네파스타,2023.12.28,후기가 좋아서 믿고 구매했어요. 방학 때 점심메뉴로 굿.,0
658e88de8296dcbda3c5f868,[프레시지] 바질크림빠네파스타,차**,[프레시지] 바질크림빠네파스타,2023.12.28,2인분인지 모르고 2개 구매했어요~\n넉넉히 먹을듯요~~,0
658e88df8296dcbda3c5f869,[프레시지] 바질크림빠네파스타,이**,[프레시지] 바질크림빠네파스타,2023.12.28,신랑이랑애기랑 연말파티하려고 샀어요😃\n맛있을거같아요,0
658e88e28296dcbda3c5f86a,[양포어장] 과메기 야채세트 (냉장),최**,[양포어장] 과메기 야채세트 (냉장),2023.11.22,남편이 과메기 철이라 먹고싶다고 해서 비교해서 주문했는데 200% 만족이라 리뷰 써봅니다.\n일단 배송이 너무 너무ㅋㅋ빠르고요 저는 과메기 처음 먹어보는건데도 거부감도 없었고 비릴것 같았는데 너무 쫄깃해서 놀랐네요. 그리고 야채랑 안싸먹고 그냥 먹어도 식감때문인지 괜찮았어요!! 첫 과메기 도전이었는데 성공한것 같아 뿌듯해요. 포장도 정갈하게 잘되어서 오고 먹어보니 여기꺼 너무 괜찮아서 친구도 하나 선물로 보내줬습니다~ 둘이서 먹었는데 양이 많은지 남아서내일 또 먹어도 될것같아여 과메기 생각날때 또 주문할게여!,13
658e88e28296dcbda3c5f86b,[양포어장] 과메기 야채세트 (냉장),이**,"[양포어장] 과메기 야채세트 (10미/특사이즈, 냉장)",2019.12.07,"아침에 컬리에서 주문한 식재료를 정리하는데\n유독  이박스를 여는순간 \n스티롬폼박스에.. \n어렸을때 산타 종합선물세트받은듯 포장되어왔어요~ \n넘 뿌듯한기쁨?이 몰려오더라구요..^^\n\n\n정말 따로 준비한거 하나도 없이 \n설명에 나와있는대로 야채만 한번 더 씻어 접시에 담았어요..^^\n남편이 급한일이 있어(주말인데도 불구하고) 사무실에 나갔다오더니 수고한 자기를 위해 특식을 준비했다며 엄청 좋아하더라구요..^^ㅎㅎㅎ그건 아니였는뎌..ㅋㅋ\n\n\n사실 저희동네는 없는건없이 다 있지만\n딱히 맛집은없어 매번 주말외식이 고역이거든요.;;; 그런데 요새는 컬리에서  특식할만한걸 하나씩 주문해서 온가족 모였을때 먹는데\n큰딸도 넘 맛있게 먹고\n자기 인*그램에 올린다고 연신 사진을 찍더라구요.ㅎㅎ\n작은딸은 고딩이라 함께 못해아쉽네요;;\n\n딱 3.4인이 먹기좋은양이구요,\n야채도 정말 딱 떨어지게 맞아요.\n첨에 한두번은 포장되어온 야채 다 넣고 크게 쌈싸서먹고,\n그담부터는  개취로 좋아하는거 하나씩에 싸서도먹고\n그냥 과메기만 초장찍어 먹었어요.\n과메기만 초장에 살짝 찍어 먹어도 너무 쫀득쪽득하니 정말 맛있네요..\n저는 화이트와인과 함께 먹었는데..\n막걸리 쏘주 맥주 ..다 잘어울릴것같아요~~^^ \n사진은 과메기양이 푸짐해서 반정도올리고 미역도  반정도 올린사진이에요~~결국 다 억었지만요~\n맛나게 잘 먹었습니다^^♡",48
658e88e28296dcbda3c5f86c,[양포어장] 과메기 야채세트 (냉장),이**,[양포어장] 과메기 야채세트 (냉장),2023.12.29,비리지 않고 꼬들꼬들 너무 맛있게 먹었습니다. ,0
658e88e28296dcbda3c5f86d,[양포어장] 과메기 야채세트 (냉장),고**,[양포어장] 과메기 야채세트 (냉장),2023.12.29,잘받았어요 잘먹을께요 감사합니다 \n맛도 있고 특히 야채가 싱싱해서 더 좋았어요,0
658e88e28296dcbda3c5f86e,[양포어장] 과메기 야채세트 (냉장),최**,[양포어장] 과메기 야채세트 (냉장),2023.12.28,맛있어요! 신선하고 좋습니다~~~!,0
658e88e28296dcbda3c5f86f,[양포어장] 과메기 야채세트 (냉장),김**,[양포어장] 과메기 야채세트 (냉장),2023.12.28,간단하게 술 안주로 딱이네요  저녁대신 둘이먹기  딱 좋았엉ㅛ,0
658e88e28296dcbda3c5f870,[양포어장] 과메기 야채세트 (냉장),박**,[양포어장] 과메기 야채세트 (냉장),2023.12.28,두번째 주문입니다..과메기 냄새없이 쫀득하게 맛있구요..각종 야채들.김.미역..초장..\n양이 풍족해요..\n만족합니다.,0
658e88e28296dcbda3c5f871,[양포어장] 과메기 야채세트 (냉장),장**,[양포어장] 과메기 야채세트 (냉장),2023.12.28,신선하고 맛있어요 기대 이상입니다,0
658e88e28296dcbda3c5f872,[양포어장] 과메기 야채세트 (냉장),이**,[양포어장] 과메기 야채세트 (냉장),2023.12.28,친정엄마에게 드릴려고 샀는데 맛있고 양도 풍성했다고 좋아하셨다,0
658e88e28296dcbda3c5f873,[양포어장] 과메기 야채세트 (냉장),안**,[양포어장] 과메기 야채세트 (냉장),2023.12.27,과메기 세트 맛있어요,0
658e88e38296dcbda3c5f874,[양포어장] 과메기 야채세트 (냉장),이**,[양포어장] 과메기 야채세트 (냉장),2023.12.27,처음 맛있게 먹어  또 주문한건데 이번엔 약간 비린내가 나네요,1
658e88e38296dcbda3c5f875,[양포어장] 과메기 야채세트 (냉장),박**,[양포어장] 과메기 야채세트 (냉장),2023.12.27,올해 과메기을 아직 못먹어서 먹으랴고 구매했어요,0
658e88e38296dcbda3c5f876,[양포어장] 과메기 야채세트 (냉장),정**,[양포어장] 과메기 야채세트 (냉장),2023.12.27,과메기한상차림 너무신선해요,0
658e88e48296dcbda3c5f877,[양포어장] 과메기 야채세트 (냉장),강**,[양포어장] 과메기 야채세트 (냉장),2023.12.27,친정엄마아빠께 보내드렸어요~~~,0
658e88e48296dcbda3c5f878,[양포어장] 과메기 야채세트 (냉장),김**,[양포어장] 과메기 야채세트 (냉장),2023.12.27,과메기 철이 되면 한번씩 주문해서 먹어요. 아이들도 잘 먹어서 종종 이용합니다,0
658e88e48296dcbda3c5f879,[양포어장] 과메기 야채세트 (냉장),손**,[양포어장] 과메기 야채세트 (냉장),2023.12.26,과메기도 너무너무 맛있고\n야채도 아주싱싱하고 \n맛있게 잘먹었어요\n강추합니다 ㅎㅎ ,0
658e88e48296dcbda3c5f87a,[양포어장] 과메기 야채세트 (냉장),정**,[양포어장] 과메기 야채세트 (냉장),2023.12.26,야채는싱싱하지만 고기는질겨요,0
658e88e48296dcbda3c5f87b,[양포어장] 과메기 야채세트 (냉장),방**,[양포어장] 과메기 야채세트 (냉장),2023.12.26,덜 말랐어요ㅜㅜ\n그래도 먹었어요 좀 더 꾸덕해야 될거 같아요,0
658e88e48296dcbda3c5f87c,[양포어장] 과메기 야채세트 (냉장),임**,[양포어장] 과메기 야채세트 (냉장),2023.12.26,가족들이랑 아주 맛잇게 먹었어요 꿀맛,0
658e88e48296dcbda3c5f87d,[양포어장] 과메기 야채세트 (냉장),이**,[양포어장] 과메기 야채세트 (냉장),2023.12.26,좀 많이 비려서 저는 잘 못먹었고 아빠는 맛있다 하십니다. 저에겐 어려운 맛이네요,0
658e88e58296dcbda3c5f87e,[양포어장] 과메기 야채세트 (냉장),이**,[양포어장] 과메기 야채세트 (냉장),2023.12.26,타사 비교 비싸긴하지만 맛있는 과메기를 풍족한 야채와 함께 먹고싶어 구매했습니다. ,0
658e88e58296dcbda3c5f87f,[양포어장] 과메기 야채세트 (냉장),이**,[양포어장] 과메기 야채세트 (냉장),2023.12.26,"구성지게 잘 옵니다 ~ 저는 알배추 봄동이 취저이구요 ,, 올만에 먹고 좋아요 ~",0
658e88e58296dcbda3c5f880,[양포어장] 과메기 야채세트 (냉장),오**,[양포어장] 과메기 야채세트 (냉장),2023.12.25,과메기랑 채소가 너무 싱싱하고 깨끗하게 손질이 되있더군요 \n너무 맛있게 잘 먹었어요 다음에 또 재구매 할 예정입니다 ,0
658e88e58296dcbda3c5f881,[양포어장] 과메기 야채세트 (냉장),윤**,[양포어장] 과메기 야채세트 (냉장),2023.12.25,정말 푸짐하네요 씻지않아도 된다했는데 살찍 씻어 맛있게 먹었네요,0
658e88e58296dcbda3c5f882,[양포어장] 과메기 야채세트 (냉장),김**,[양포어장] 과메기 야채세트 (냉장),2023.12.25,적당한 식감에 비린내도 안나서 맛있게 잘 먹었습니다. ,0
658e88e58296dcbda3c5f883,[양포어장] 과메기 야채세트 (냉장),박**,[양포어장] 과메기 야채세트 (냉장),2023.12.25,구성이 아주 좋고 특히 과메기 너무 맛있어서\n계속 재구매하고 있어요 ,0
658e88e58296dcbda3c5f884,[양포어장] 과메기 야채세트 (냉장),장**,[양포어장] 과메기 야채세트 (냉장),2023.12.25,야채세트도 싱싱하고 과메기도 딱 먹기 좋은 상태!\n가족들과 맛있게 잘 먹었네요~^^♡,0
658e88e58296dcbda3c5f885,[양포어장] 과메기 야채세트 (냉장),구**,[양포어장] 과메기 야채세트 (냉장),2023.12.24,맛있어요 또 먹고싶어요,0
658e88e58296dcbda3c5f886,[양포어장] 과메기 야채세트 (냉장),함**,[양포어장] 과메기 야채세트 (냉장),2023.12.24,어머니가 과메기 좋아하셔서 구매했어요. 좀 비싼감이 있는데 구성은 알차고 좋아요. 야채도 부족하지 않았고  과메기 자체도 비릿맛 없이 쫀득하고 부드러워서 맛있게 먹었습니다.\n컬리 쿠폰이 없었다면 선뜻 구매하기 어려운 부담스러운 가격이였어요.,0
658e88e58296dcbda3c5f887,[양포어장] 과메기 야채세트 (냉장),이**,[양포어장] 과메기 야채세트 (냉장),2023.12.24,제철음식으로 한끼 잘먹었네요,0
658e88e98296dcbda3c5f888,[앙팡드봉봉] 한입솜사탕 크리스마스팩 (15개입),박**,[앙팡드봉봉] 한입솜사탕 크리스마스팩(15개입),2023.12.28,"조카 선물용이예요.\n개별포장이라 좋고, 자극적이게 달지않아서 구입했어요~",0
658e88e98296dcbda3c5f889,[앙팡드봉봉] 한입솜사탕 크리스마스팩 (15개입),전**,[앙팡드봉봉] 한입솜사탕 크리스마스팩(15개입),2023.12.28,질리지않는 오래도록 먹고 싶은 맛이에요~~^^\n자주 구매 중 입니다.\n아이가 좋아해요.,0
658e88e98296dcbda3c5f88a,[앙팡드봉봉] 한입솜사탕 크리스마스팩 (15개입),명**,[앙팡드봉봉] 한입솜사탕 크리스마스팩(15개입),2023.12.28,한입(?)크기에 귀여운 솜사탕으로 연말에 기분좋게 나눠먹었습니다. 달달하니 맛있어요.,0
658e88e98296dcbda3c5f88b,[앙팡드봉봉] 한입솜사탕 크리스마스팩 (15개입),김**,[앙팡드봉봉] 한입솜사탕 크리스마스팩(15개입),2023.12.28,아이들 크리스마스 선물에 같이담으려고 주문했어요.\n한입크기고 순삭이지만 너무맛있고 아이들이 좋아해요.,0
658e88e98296dcbda3c5f88c,[앙팡드봉봉] 한입솜사탕 크리스마스팩 (15개입),박**,[앙팡드봉봉] 한입솜사탕 크리스마스팩(15개입),2023.12.28,아이가 너무 좋아하는 솜사탕 노래를 불러 주문했어요. 밥 잘먹게 하는데 쓰이고 있어요 ㅋ,0
658e88e98296dcbda3c5f88d,[앙팡드봉봉] 한입솜사탕 크리스마스팩 (15개입),송**,[앙팡드봉봉] 한입솜사탕 크리스마스팩(15개입),2023.12.27,우리조카간식으로샀어요살살녹아요,0
658e88e98296dcbda3c5f88e,[앙팡드봉봉] 한입솜사탕 크리스마스팩 (15개입),김**,[앙팡드봉봉] 한입솜사탕 크리스마스팩(15개입),2023.12.27,선물로 보냈어요좋아했길,0
658e88e98296dcbda3c5f88f,[앙팡드봉봉] 한입솜사탕 크리스마스팩 (15개입),오**,[앙팡드봉봉] 한입솜사탕 크리스마스팩(15개입),2023.12.26,괜찮은상품입니다~.ㅇㅇ,0
658e88e98296dcbda3c5f890,[앙팡드봉봉] 한입솜사탕 크리스마스팩 (15개입),허**,[앙팡드봉봉] 한입솜사탕 크리스마스팩(15개입),2023.12.26,까먹는재미로 아이들 좋아해요,0
658e88e98296dcbda3c5f891,[앙팡드봉봉] 한입솜사탕 크리스마스팩 (15개입),이**,[앙팡드봉봉] 한입솜사탕 크리스마스팩(15개입),2023.12.26,아이들이 잘 먹네요,0
658e88ea8296dcbda3c5f892,[앙팡드봉봉] 한입솜사탕 크리스마스팩 (15개입),권**,[앙팡드봉봉] 한입솜사탕 크리스마스팩(15개입),2023.12.26,맛있네요 조카 사줬는데 좋아라네요,0
658e88ea8296dcbda3c5f893,[앙팡드봉봉] 한입솜사탕 크리스마스팩 (15개입),신**,[앙팡드봉봉] 한입솜사탕 크리스마스팩(15개입),2023.12.25,이가 불편하신 엄마께 달달한 솜사탕 드리고 싶었어요♡,0
658e88ea8296dcbda3c5f894,[앙팡드봉봉] 한입솜사탕 크리스마스팩 (15개입),김**,[앙팡드봉봉] 한입솜사탕 크리스마스팩(15개입),2023.12.24,친구들 선물로 샀어요^^맛나게 잘 먹었어요~,0
658e88eb8296dcbda3c5f895,[앙팡드봉봉] 한입솜사탕 크리스마스팩 (15개입),조**,[앙팡드봉봉] 한입솜사탕 크리스마스팩(15개입),2023.12.24,크리스마스 기분 내려고 구매한 아기 간식,0
658e88eb8296dcbda3c5f896,[앙팡드봉봉] 한입솜사탕 크리스마스팩 (15개입),신**,[앙팡드봉봉] 한입솜사탕 크리스마스팩(15개입),2023.12.23,한입이라 편하게 먹을 수 있어요,0
658e88eb8296dcbda3c5f897,[앙팡드봉봉] 한입솜사탕 크리스마스팩 (15개입),피*******,[앙팡드봉봉] 한입솜사탕 크리스마스팩(15개입),2023.12.23,포장도 귀엽고 크기도 딱 적당해요 통에 담긴것도 이뻐요 ,0
658e88eb8296dcbda3c5f898,[앙팡드봉봉] 한입솜사탕 크리스마스팩 (15개입),조**,[앙팡드봉봉] 한입솜사탕 크리스마스팩(15개입),2023.12.23,한두번 뜯어먹으면 없는데 딱 좋네요 달달,0
658e88eb8296dcbda3c5f899,[앙팡드봉봉] 한입솜사탕 크리스마스팩 (15개입),이**,[앙팡드봉봉] 한입솜사탕 크리스마스팩(15개입),2023.12.23,학교에 보낼 크리스마스선물로 구입. \n아이들이 무척좋아했어요,0
658e88eb8296dcbda3c5f89a,[앙팡드봉봉] 한입솜사탕 크리스마스팩 (15개입),이**,[앙팡드봉봉] 한입솜사탕 크리스마스팩(15개입),2023.12.22,아이크리스마스파티간식,0
658e88eb8296dcbda3c5f89b,[앙팡드봉봉] 한입솜사탕 크리스마스팩 (15개입),황**,[앙팡드봉봉] 한입솜사탕 크리스마스팩(15개입),2023.12.22,너무많이 안달고 맛있어요,0
658e88ec8296dcbda3c5f89c,[앙팡드봉봉] 한입솜사탕 크리스마스팩 (15개입),김**,[앙팡드봉봉] 한입솜사탕 크리스마스팩(15개입),2023.12.22,유시농이라니 죄책감이 덜하네요 ㅎ,0
658e88ec8296dcbda3c5f89d,[앙팡드봉봉] 한입솜사탕 크리스마스팩 (15개입),강**,[앙팡드봉봉] 한입솜사탕 크리스마스팩(15개입),2023.12.22,아이에게 크리스마스 깜짝선물로\n같이 주려구요!!포장도 통도 넘나 귀엽습니다.^^,0
658e88ec8296dcbda3c5f89e,[앙팡드봉봉] 한입솜사탕 크리스마스팩 (15개입),이**,[앙팡드봉봉] 한입솜사탕 크리스마스팩(15개입),2023.12.22,크리스마스 패키지라 선물 하기 좋아요,0
658e88ec8296dcbda3c5f89f,[앙팡드봉봉] 한입솜사탕 크리스마스팩 (15개입),이**,[앙팡드봉봉] 한입솜사탕 크리스마스팩(15개입),2023.12.22,아이도 어른도 한입씩 먹기 좋은 솜사탕,0
658e88ec8296dcbda3c5f8a0,[앙팡드봉봉] 한입솜사탕 크리스마스팩 (15개입),류**,[앙팡드봉봉] 한입솜사탕 크리스마스팩(15개입),2023.12.22,15개 들어있구요~ 빨강 초록 파랑 크리스마스 색이라 좋아요~,0
658e88ec8296dcbda3c5f8a1,[앙팡드봉봉] 한입솜사탕 크리스마스팩 (15개입),강**,[앙팡드봉봉] 한입솜사탕 크리스마스팩(15개입),2023.12.21,아이가 좋아해서 구매했어요,0
658e88ec8296dcbda3c5f8a2,[앙팡드봉봉] 한입솜사탕 크리스마스팩 (15개입),박**,[앙팡드봉봉] 한입솜사탕 크리스마스팩(15개입),2023.12.21,아이들 선물하기 좋아요. 맛은 그냥저냥,0
658e88ec8296dcbda3c5f8a3,[앙팡드봉봉] 한입솜사탕 크리스마스팩 (15개입),안**,[앙팡드봉봉] 한입솜사탕 크리스마스팩(15개입),2023.12.21,크리스마스 간식박스 만드려고 주문 했어요,0
658e88ec8296dcbda3c5f8a4,[앙팡드봉봉] 한입솜사탕 크리스마스팩 (15개입),오**,[앙팡드봉봉] 한입솜사탕 크리스마스팩(15개입),2023.12.21,포장이 넘 예뻐서 아이들 좋아하겠네요\n눈길 사로잡기 성공입니다 ,0
658e88ec8296dcbda3c5f8a5,[앙팡드봉봉] 한입솜사탕 크리스마스팩 (15개입),이**,[앙팡드봉봉] 한입솜사탕 크리스마스팩(15개입),2023.12.21,색 너무 예쁘네요 ㅎㅎ\n포장도 크리스마스라 하나씩 나눠주기\n좋네욤,0
